Соотношение матрица-наполнитель,"Плотность, кг/м3","модуль упругости, ГПа","Количество отвердителя, м.%","Содержание эпоксидных групп,%_2","Температура вспышки, С_2","Поверхностная плотность, г/м2","Модуль упругости при растяжении, ГПа","Прочность при растяжении, МПа","Потребление смолы, г/м2","Угол нашивки, град",Шаг нашивки,Плотность нашивки
3.57878397097447,1862.67979248184,341.672132272162,75.0686000286197,25.956842426111,312.790306370925,9.04620310604781,73.0069352048051,1399.1185551355,160.519026887958,90,10.264664233486,73.738349768222
2.9277966027972,2006.13022946944,950.6190062481,154.668799736001,24.1808322346558,295.136522116915,710.118282672645,69.215143871408,1337.74831682767,142.512091709832,0,6.6252092887139,43.3544253526977
2.27988646605034,1946.47305420789,1008.41590169408,151.684920649155,23.2677559449475,293.31712713941,282.038384684303,72.7629758181742,2309.23374646251,211.029670581103,90,4.51733657616692,48.2647964034684
3.01634337366051,2079.2950095088,1122.11959465158,105.588807833462,25.1818153172391,268.548003292473,292.979124060293,70.1992340220443,2347.13520438888,166.876117814474,0,0.730259869512398,84.01524672022
2.03034004094975,1960.65742522681,914.439784773607,119.615352065038,23.325001674491,227.147787519219,86.2528747230583,72.9519146818408,1966.56585032821,76.0230746541811,90,6.62452984788721,66.9589413073129
2.36519348230335,1934.30940294685,579.947780770329,97.4905035235488,26.8204423388454,229.940794001709,74.5383866022734,75.3102872467453,2796.45834469719,224.773830095524,0,9.34943514259177,37.2881525202528
4.41513578874428,1805.73599929355,1147.08894853161,166.610335370363,18.4986976757413,313.19251018342,746.936300262576,70.5086340711908,3321.76559700725,187.622716517904,0,8.75356166735491,50.0990228017432
5.21044243868871,1944.23716683988,1267.37147481096,149.950552888915,23.5701514650762,306.825522766674,638.506516966384,72.7975700416579,2210.02790771323,231.754649709776,90,1.52522998690178,77.9094147191471
2.89547657779749,1931.33752846166,597.639899636986,138.954507663971,23.9142381222386,237.613813620407,354.395697232591,71.2526283372323,2178.67461683493,220.373525491507,0,12.4328766055043,63.2297792529609
4.25097788092049,2102.67296804227,496.873649514976,93.9094778381957,24.8023286197666,267.442877068018,434.04001152422,73.5620529092635,2415.46623514841,190.810440203674,90,8.3823159092464,53.3283193033295
3.241585917155,1912.68800249367,651.629830571205,135.578576511358,20.2212429463004,330.13250150514,311.398691442815,72.2626213073446,2511.75646446286,198.984858931418,90,4.94714013076868,58.2843234616211
2.56147540983606,1900.0,535.0,111.86,22.2678571428571,284.615384615384,380.0,75.0,1800.0,120.0,0,7.0,47.0
3.63873981622786,2062.01353082313,945.030261786598,122.282217620936,21.5552559414525,223.267476770567,1019.44239386834,70.8545198081699,1673.35514591182,163.433297838819,0,8.48926776078581,57.8493992339372
3.64973882277085,1976.14623899004,712.379572520784,157.541399690445,22.7362007822556,307.650733813491,432.251635965793,73.4232576731326,2668.73892860516,204.844969632667,90,6.51122784161756,68.6644984395131
3.99100287653851,1965.98674035582,818.63376492849,98.5188347747766,18.614239451244,302.676828912911,135.182395881103,75.259887338257,2099.7839373664,259.848376188089,90,8.0143616361181,55.1502002167687
3.58141043632616,1979.23219674808,1098.71568721499,69.8205036721406,18.5507647880834,314.731349759315,77.4620203252072,76.5430196319349,2395.41706654877,75.831811689797,90,6.08532569551974,58.9734211415143
3.12208926519855,1913.53493716829,647.501920042004,113.982339816609,20.582837215584,248.88991061853,673.034447602477,75.7699461016092,2566.6781842232,191.785167269205,0,4.72037353736259,43.7958793701791
3.29906253796612,1958.69582056219,495.965685885786,109.640874562043,23.3677124552097,307.13292154938,743.680084273557,70.5419557377808,3245.59436017203,213.035369266329,90,10.0269887314202,62.6121212719256
2.19674002255969,1955.90688622015,578.254602801865,104.909582843688,22.4980811669001,254.975052903887,372.315568622276,73.3586554777359,2398.69580649099,280.499268965887,90,9.44352706964048,56.0456182086488
4.27532533718116,1894.10438745176,893.56640575723,84.4977603343024,20.2197635824787,220.414118477474,515.699789148158,76.6608350622044,2576.01150367457,214.105099755923,0,6.86412115091539,72.0170904450973
3.35568979253251,1928.20119758247,406.713751562579,73.281328589829,22.1780286939322,224.363231176728,281.827992847594,68.6732732096988,1510.38783252009,168.070776577163,90,6.17586828126054,57.6272194730099
3.22843456631234,2019.04387831341,573.815018704048,88.4593076350649,20.5833086018273,276.711106832721,593.134892034337,78.5562237613096,2227.44732201784,272.671713611381,90,9.31528729810398,57.9605911380841
3.53734580889816,1948.41043316614,914.015637788784,41.8862770804453,19.7011074560559,240.987543698309,399.817803642615,71.6910140828405,2583.42143924549,236.509597508611,0,4.59600097798823,68.4641171259957
1.98330137472111,1904.96073569377,197.48267132985,116.171625752879,24.1640003971228,331.039146316922,1165.54448400304,79.7399992685836,2808.12737823308,249.729629291973,90,8.47925868893439,65.2642438276113
2.16575633247852,2110.83703397899,283.346896001829,51.2253626059392,24.5392481794746,288.473012128431,501.389011463623,78.6983459125028,1458.43289152171,147.096687517529,90,6.75556110706471,42.8675115741263
3.28060447584166,1972.37286519323,416.836523531032,110.533477443089,23.9575015863998,248.423046909042,740.142790953905,74.7343437045716,2662.90603954603,236.606764075378,90,4.16115398303132,67.6296841539977
2.16206654053006,2012.5901710677,884.234350377905,87.2446885464148,23.508582337203,300.890984981186,520.59930833417,77.6337198907761,2412.64503763109,203.995287072772,90,9.042909223466,67.2551809994649
2.17943481537416,2045.56351733337,616.082674872996,86.4830548467306,19.3704014560085,269.526393311696,278.42123994823,74.5365895629852,2744.64909426919,260.966749891799,0,7.08846392557658,83.1838359726863
2.19556800762026,2076.47129622177,180.945421464939,114.926148257577,22.5874176881843,285.319054776679,712.126880411851,70.7808015996894,1966.67143056559,288.552218211994,90,5.22417423960698,62.2656825520688
2.14719451892928,1950.35901306372,195.885884425961,115.750349813478,24.1094068514071,308.018229571171,177.271466358936,76.5342346646599,2306.41448107683,105.024326185752,90,4.05461172947284,65.5773174969943
3.55165436157136,1920.694722298,861.959506848985,146.451195696763,23.0419221579106,386.067991779505,623.508449739903,75.2309940140166,2465.02091630882,236.156967034214,0,7.49980187212946,36.0392096353575
2.89683591198512,1929.52018533042,386.79318228456,147.304327145391,22.5293840478616,306.854196901891,207.521157348898,69.0941856872217,1869.98008853837,138.967712213374,0,7.98414562731789,51.0588681799301
3.26752296713052,2107.54911319068,712.148822056879,60.9942606433636,27.3121673068201,268.485006773921,121.565801605074,81.0532928223055,3460.43821194654,340.016625582485,0,4.57089231125669,78.5473580404118
3.62740511780055,1991.0919383908,652.401597933306,130.853933825208,20.7321322614993,234.500692410035,353.471450858878,73.3900292246556,2748.07819360295,132.911273598196,0,12.7238863079499,68.6471530628411
2.42479825895202,1983.45205671697,1026.23375457079,103.222955782862,18.0098226694974,243.580494239989,733.269062091922,71.3313640263359,3305.28692200448,200.302003406982,0,5.53676242927041,69.81922958875
1.19053821315711,1965.69583470544,785.238169634025,99.1865521493405,22.1552815917398,305.373711639228,976.488758233874,76.9863365031108,2099.21394272717,157.83185224233,0,10.0680410436868,39.1408890194315
3.36950376500901,1985.68977413962,1490.46869848382,76.2567998690835,20.6254183885361,343.506974431583,197.238383970138,73.2842558523516,2044.37932801586,197.295886073569,0,8.10298863153903,62.6977177775383
1.74462520330633,2025.55136248145,320.664460183847,91.5120496328481,26.5960770485455,221.034881750539,184.287099220504,73.8624657117972,1901.4547244629,212.192244102215,0,8.66327507194488,37.932960995778
1.19352958197572,1965.92922694261,899.603701021752,102.959068581182,19.5667162363837,225.810222871408,871.088954822428,73.4546945165033,2335.54179171276,91.047646334499,0,7.5263983201197,38.176975316573
2.93667363584367,1867.08970116291,320.919775835864,76.9546093185073,20.3208218356087,317.579060286678,653.204832536958,79.143190413079,2214.81852171774,218.173079491261,90,5.06993100928461,50.5778302491585
3.9539783775605,2056.29907229233,1428.38236714329,45.1221753550373,24.8300648560584,319.150464552372,558.300420768246,69.0164826583692,2574.67622054533,224.098202542613,0,4.60733041916307,66.6687588343177
3.3539451456614,1964.8014374637,608.673260055466,163.985672249908,23.3938894098196,276.710020592316,714.818312655383,71.2374083969903,3321.03558682663,197.328325323978,90,6.2709697855587,60.483248268205
1.59528457618771,1895.08431432598,539.966472405126,151.843877052122,21.6300841254542,311.756870732413,760.993126418007,69.3840170298183,2770.62277093033,97.4018135344349,0,7.77521254828573,61.4207170392558
3.27388807200973,1968.40896282451,928.020607239059,104.94329416519,22.9803908150985,291.946089580688,339.14084241244,74.8474581623836,2648.65546407945,282.835721333642,90,7.08395470158782,52.8438712603446
2.54747913506679,1960.6496705804,430.750398998754,125.233583496556,24.4582406433826,376.978623137007,881.629038032878,75.3232533980896,2535.97416005108,326.751868156328,0,2.80067656426415,74.7829303576631
2.79150429542579,1966.46462994899,744.1061472257,121.607984239031,22.6679955712654,260.915506153743,585.435581470326,74.0780225341046,3456.540675715,139.349926469959,90,3.65575705064359,41.3093512955103
3.57278951167533,1992.34478151522,724.109184429885,129.94726775743,22.0136150537701,304.940980184893,914.470728193316,74.6116517121114,2657.57487479398,164.448443205819,0,8.56005495683195,58.2717053359235
3.24653918681401,2057.09117844099,738.957166950069,143.639639015036,24.9256071488203,325.004866571019,379.873438710178,72.055086432718,2370.57051762784,201.221869120123,90,7.38202332550596,63.0709028058277
2.6924869403681,1989.51630556312,408.332859610091,38.6685003343557,19.4318585219026,285.364447851817,80.2753347093088,75.3122919701902,1811.86002375529,82.5831614265044,90,8.65057142006805,71.1080887658942
1.85729150266508,2103.61469829504,1211.74160131218,156.952611531474,19.1823634982092,254.461971836734,110.098540853438,73.3524133055139,1890.18254926505,240.521069005866,90,8.1135694964164,72.7848837742456
2.26652785644189,1999.65127758277,448.772365691589,110.457519014565,21.355316444966,299.42888113822,660.481155708706,73.6908900625163,3291.42340534209,323.865845082922,90,9.12944761999377,58.6051822018061
2.93804284959896,1898.47748848375,483.43249966792,166.346757918708,22.5602465666952,314.462313816241,383.784636981565,69.2177230370286,3430.83713243981,304.805800377421,90,8.46153752350035,51.9859636013839
3.44170557652716,1839.86464872257,935.511792062287,99.0798588553111,20.715839435442,330.371636510789,556.153262517903,76.6321383146785,3791.07281029286,284.85295009151,0,7.20814688985966,35.7688113521922
2.92790508776097,2012.54997651056,627.091102560805,97.7403584126305,23.9617021480487,280.527319306035,237.36103548279,74.066128583821,2170.83247176416,223.855680868301,0,4.29585661766149,40.2377161847722
3.6386988698538,2056.80864725386,608.028344562674,106.780903444904,22.2594062112449,262.399851677761,430.89925902963,75.7269185737268,2052.93327386155,301.009515452341,0,9.78554838961656,56.0945950525359
5.12036847803355,1940.42116324951,415.694564300744,91.6690422922063,19.045798879418,308.317099976225,414.952077548289,68.1413139270848,2149.97468747642,200.619362348908,90,3.61577926993478,48.5859360355642
3.64575858719359,1901.68306443305,794.645080350404,85.1058348922613,26.5050568591367,275.537572579221,1023.2315676084,77.0397504557525,3022.396628373,250.105401438355,90,5.61828065491408,52.3529759494837
3.28135988066835,1971.17455006116,1033.52742422746,131.087969385231,18.4127275924929,208.639321939313,752.087454582286,71.4500767299145,2975.9217216224,219.885613100156,90,5.6596689129116,58.8638546280264
2.14361668143806,1924.8648321671,957.378290184471,116.753626353082,21.9788140951841,334.333067090101,679.950216839347,67.0265082250484,2133.59114678859,111.056522728756,0,10.9917030810129,38.1153985581651
2.26318583612514,1927.06758127431,1191.49836244404,82.4520228378438,24.3913309495672,256.273022672692,294.814619209147,77.9952892026458,2758.41476729467,241.620617395031,90,5.24396953399634,59.0115137590917
3.0599593719809,2016.6447225116,897.973792558163,121.200632367709,23.4603477660241,243.702757629858,352.106017696507,76.7960999945531,2742.29996548183,249.371318128189,0,5.77350784476376,65.5225224046549
2.9872134711898,1906.38413967707,41.0260562598513,123.701491914265,23.2903216429865,273.857158661139,39.8190813611772,72.1240202167905,2038.46958737888,212.307711370234,0,5.1400352940647,39.0408897085659
2.79355697898857,2018.9020135288,820.585760365538,78.5999341067468,20.5592804915708,316.694669337175,821.8333118683,77.2485858630176,2753.35981757102,147.566245366194,0,7.40716586375238,62.806230138892
1.0932081216616,2042.81678057055,579.454590482544,172.570538513588,25.8917902628965,324.0660575968,778.196966580528,70.4347666102792,3144.48287165612,97.2693137354331,90,7.55618950907573,57.8275223588784
3.12002168259489,2042.28028337428,600.769621057725,88.4130126456654,23.0854223167781,280.643182017825,324.279402274901,69.5260148149445,2164.38893556579,138.224720766734,0,4.79586231229187,37.4047624988696
1.81968256105181,1980.60568187103,845.08576322121,122.859744444007,27.5194705314622,318.390349822673,402.447483855695,70.6171872797889,2784.28949091957,186.945958638482,0,9.55608137085258,58.0990914151626
2.75701624775771,1986.13144332681,668.459069948088,103.17644327817,21.6278018720638,299.045889387724,852.59958459575,76.2141007700111,2945.92158455737,243.825970799259,0,2.27175435300816,45.7138087580006
2.61530929957509,1958.8994386886,652.472286737503,109.271549794217,21.3471963996073,223.953784552955,503.090272659148,76.3708590610575,1758.17620260406,189.233097625031,0,8.7191209997674,43.3061782428275
2.89129631757982,2030.51018518455,1024.01254054914,54.3166718628184,25.3472843536702,319.968750693635,494.514149318516,73.7197025080166,3656.15836310544,328.96097864957,0,7.55229894647638,62.0416571968394
2.99512474715086,1784.48224524858,975.846909215046,81.4416200714837,19.7096151175554,317.816859121167,245.605827563664,74.8167634986518,3427.32510261044,215.742106367423,0,3.30415654551836,47.4878129180923
4.87425435721239,1974.91777409442,23.6146030004374,80.7927476307746,20.6218463065478,365.18547076714,352.821223753174,75.2193596424817,1954.96444268869,293.256747521795,0,10.1289361053654,50.2600971877458
2.59468568304457,1893.09874392337,819.395048816811,103.70321326732,24.7122906719993,264.578691114513,1053.24800333338,73.9519469210508,3012.13486967051,235.936927956812,0,7.81814058940888,85.6609961909375
2.57175802395474,2066.3550438362,447.394722269625,170.33255808729,26.5460422932366,246.027954439931,839.780723103681,66.9155406850568,1642.47456020786,190.242137913425,90,8.23702970975476,46.5764604673213
3.02122408908997,1949.46954515284,449.623503245349,100.354157113015,19.1299332110348,336.899539451878,775.698275888169,72.4544954796609,2176.1803700201,116.916162112192,90,12.9536371834836,55.9668345528549
2.27103246245581,1862.43206538239,1428.87030796957,125.557042040984,24.0236240894527,317.57159135124,293.085219857331,81.5947500139088,2419.52071714835,220.481828361475,0,0.310815338065802,70.1572587589908
2.84725921692082,1934.26362128652,625.78572574343,82.7029380195588,24.2514861773747,300.768840948371,541.150915513169,72.5201085451393,2774.43261410594,350.360852647674,0,6.25100498907617,60.43223442106
2.67845916087314,1914.07926123845,345.193227034035,122.104823241077,16.9953034665714,368.651948453106,541.10865988269,76.5065196613926,2521.11393788333,201.244075652458,0,10.8732869754276,32.1954704982308
2.70955409454249,1892.07112380677,641.052549404649,96.5632931903446,22.9892905613243,262.956721990283,804.59262075019,74.511359223088,2288.96737657892,126.816338870833,90,7.0,47.0
2.6643326401536,2025.83246234274,564.90775554866,73.6273419298733,16.8485363244552,267.455946162101,835.009626417299,73.2192859277364,3168.33577132482,199.341326359198,90,7.2537870531823,54.7148136991583
2.68378418098655,1931.97747759523,807.32674274065,100.729283929215,22.5616811586767,275.375286560078,765.460065395288,77.0438979468145,3520.74185733798,137.055663106697,90,5.65252453668273,53.6227459944372
4.04142593082202,2050.3734918028,839.225368701676,107.784531102655,21.9403304153422,258.828548405913,37.4189667652117,71.0938099305338,3040.6152752206,214.329895179536,90,6.74768060445102,46.5880986348764
4.08817422413163,2095.12296308816,410.58588478159,126.310770683943,22.3938253649845,292.875210576628,508.512213107952,75.7061440866683,2063.29397538528,187.08241895336,90,7.94555490742363,61.7984028878745
4.11413401399264,2012.15033869447,931.987316037634,88.3355166409877,18.5310055448416,266.890251022994,71.2824969930679,74.4548605894255,3003.75294491684,250.262394437151,0,6.89397327080557,86.0124270098611
4.14830105016612,2025.52234658439,132.549747560606,75.4344002947995,22.1474185929617,278.506808580487,343.627448413117,69.7003208884748,2504.33040802245,197.121394224253,0,8.91567874186398,53.4765154039898
3.58404651415895,1982.60120459074,507.656796897371,73.4026600251467,25.6005476346391,289.542355048226,347.838507448585,76.0992002155958,2938.12302602529,195.370410436975,0,5.11747660643704,34.7815437244487
2.56962025316455,1910.0,807.0,111.86,22.2678571428571,284.615384615384,210.0,70.0,3000.0,220.0,0,5.0,70.0
1.82710467054674,1985.99575671806,588.908070430381,55.357622934803,22.0559589444607,268.104579238722,1291.34011463545,71.8861156770626,2675.14315662692,149.376123374953,90,7.61587354148539,64.6192384036872
3.79591377637338,1890.09122226471,745.610656593192,139.652424256403,24.2087183955722,338.370779522431,989.032622824093,67.6718790040783,2852.31060436883,236.144387636303,0,10.9046255195032,46.755740555489
2.36472898822987,2112.06342668283,620.609637818445,150.961733155925,20.1704847648788,302.074350776195,621.519854633871,70.7784645563912,3018.54129062273,291.279472394958,90,4.39421776321785,48.1266472312202
4.18091114843855,2068.26739082148,844.905565397782,117.857237307933,18.0395915889216,347.608414194633,404.645934559472,69.6004028193487,3134.10349822334,219.99535125577,0,5.08135736878662,62.4221341358259
3.74586164324235,1914.62942383135,680.683701094944,110.979100102265,25.9226348551446,309.796388247808,628.364549951923,76.0305546867716,2466.9254223266,152.18472038188,90,8.05702025190707,47.0672285194489
3.90384593690175,2045.79919842281,744.701868271293,131.32086125487,23.3077899273134,303.406215042147,493.562266806274,70.2196714830063,1993.45995799092,281.837023773235,0,5.4805325977952,54.7805395228312
2.65664129094687,1950.14449753371,1128.32754048242,81.8670121062185,18.2274431982565,224.292510418428,762.677317345305,72.5115688485106,2403.00397432533,279.908944520686,0,4.16377867016656,62.9657041388334
2.70063924746068,1939.30689136578,956.971948093116,100.210884254774,17.2185695823429,279.944161100513,360.510708714341,75.1474865444085,2086.33197374258,239.4723747007,0,8.42541123898241,40.7336474811037
2.77251261261336,1978.11453080679,940.691772340355,106.598532856697,19.4554628073017,248.225385900268,594.552990017443,76.5672776560613,2524.74241713539,283.811489399985,90,6.23671458912071,50.0312610610058
3.35374728693421,1854.2658365899,340.827747445295,98.7034899081551,23.0739773243655,286.331561056695,449.013284471204,74.5540060733413,2951.50141332172,247.52123852965,0,8.11978429440673,56.5689311461667
2.68906400830743,2059.84252897964,538.736628086972,137.118584348773,25.4017202824082,263.38702426852,1004.06606159116,68.0623771444453,2643.22551788564,294.421622134061,0,7.96150305361752,63.6654782119236
1.26391035590618,1810.35777415034,492.964096140361,82.913572276673,21.4741572345347,293.537326599401,706.956531036756,73.253724658483,1980.27080167846,310.608570482195,90,9.51365878617961,50.2093790127116
2.55798518727473,1850.8183115497,593.264605953412,108.438018053059,22.7566213236643,267.949348872948,482.462414899211,70.9732778986723,2426.67712255808,254.553019380263,90,5.36696034178488,58.3552182333357
2.96742736201178,1987.18794795186,418.877804278093,123.349104786111,19.1062922382672,305.712624070181,563.975405241147,71.7691924938968,2456.39500866037,220.193714078228,0,4.48783570598458,45.5600750112239
2.31039410911609,1931.14688744238,554.010341352136,96.7497818638097,22.1464870630318,214.827727131711,56.2427614818915,78.1436092444808,1939.30755043479,87.2701393388665,90,7.68334559594535,62.7850209672596
2.71722263251102,2002.6180915368,1049.40634058214,109.907757476416,24.0906220868347,325.877073072651,298.26762874215,74.6023950387269,2564.52137337815,145.763464221998,0,9.65260658567425,62.1245628888433
2.32280069776676,1959.08522780269,427.98906556426,151.474357154686,21.1050170854119,331.720071130956,33.6841800861244,72.0469523742888,2342.25420208107,324.95643051277,90,8.58479975553866,43.918628522995
2.15205471213984,1938.2821436895,1065.62574338336,148.104233398666,19.0933916704634,234.856712768387,865.6290360927,72.2994617049154,3848.43673187618,143.123640269167,0,5.78316501838017,36.9110507430262
1.04221525149398,1866.6055233981,693.578011189623,153.507157055853,18.3094879074023,351.969636971475,426.504212635798,70.1084162429248,2461.45510738333,147.831878802047,90,8.26247240496634,47.813665356289
4.17806694549161,1932.75504828165,723.783321151056,108.045473084526,19.4753971233738,227.655940286531,82.217044939652,78.1433073975036,3307.24444961166,202.928474272059,0,6.70752255277215,49.2428305202786
2.18715537410318,1987.78713992632,569.930605163672,76.4266699738469,23.3484162257698,346.137892997585,641.922189327217,76.0656862834106,3135.26265320351,234.932781623684,90,8.13964493492845,56.3263762540976
4.61698956841306,1907.24088138391,854.911878489206,107.633965680302,26.2609927739994,294.750758090161,465.510428736911,74.9551385125935,2708.0922867869,249.425570165226,0,5.64691439859512,75.9523106859402
0.857380766816007,2038.89845970409,524.684772700491,105.128511763381,19.7958206544925,218.491901735136,354.985786654477,72.406178034677,2313.67695931854,289.34983307309,0,10.7404923168958,49.1588382496853
2.08608583373857,1983.42253369106,714.079972847926,96.8857623880202,20.4903001990124,274.267099371807,769.383767062046,73.4286726004267,2551.26658498519,190.042400223027,0,8.58612214880265,79.7372500838042
3.08477986859681,1998.21799977368,737.592885395129,98.3333362994283,22.2307792354902,311.023897114041,709.435236689802,74.6723773868581,1723.65208157295,290.954081577906,90,9.55946285832355,70.8518435970582
2.4787391418142,1865.23191958319,690.557979721523,125.164250263762,18.6073062123713,294.557667613456,279.027176133077,74.7868452100172,1889.59915726676,258.744767714209,90,10.7698122405833,60.8006724086839
2.49991792788794,1942.59577668332,901.51994673357,146.252207766867,23.0817574798037,351.231873967312,864.725483802792,76.1780750811993,3705.67252336168,226.222760364565,90,5.0,47.0
1.36284178257415,1891.61954185726,1263.07080380683,103.997315185497,22.1773324050165,280.124853892162,299.873426526818,75.4957190094444,2008.83270734553,293.63145682705,90,8.78752879898014,49.8445658912493
2.45538123498044,1955.86662877342,630.990665860881,120.293014379487,17.2511425382028,248.487787031972,1181.34138757047,72.8545795009682,2193.8145939099,180.65017007773,0,6.06647402024934,56.7980746960257
2.60676561950973,1846.76289206598,793.531499931786,143.535238468246,22.0241086190884,309.176650475486,149.88846694404,72.8410685999032,2434.79614522437,239.457167408696,90,7.34881398517319,77.6448802995377
2.99312431464921,1873.0988810012,1315.30489207828,114.275489938339,23.712517828051,246.822019053399,1177.61267007727,71.1751107831271,1782.92468429761,160.294496350442,90,8.23081067388884,46.3673723427556
3.35795810706406,1966.06746418763,1308.57250826915,131.839951856542,25.0115124487162,331.755651155629,359.127481685351,76.7215556653059,1930.88149654898,150.375760861301,90,7.73243637443001,57.8704708473239
3.38543794113829,1969.89017222061,852.545329524783,57.3816048484054,21.5074009111448,277.136900847711,487.82839746417,72.6228659249689,2991.13717817783,192.702800430615,90,6.94732225184623,69.7455140115744
4.52720469544035,2010.42651277835,888.191562497692,93.0318909261288,24.4474800623525,287.532813052513,274.459025616726,75.3395877365177,2548.8807717031,257.495722774883,0,9.39024306636135,40.2509773477677
4.18212858438216,1940.73923718186,347.991750411159,111.969772877024,18.8002833612162,304.190488336488,229.928336911591,72.7694732165961,2097.66945238521,226.422645257059,0,7.2579618310852,50.2198355345044
2.70971374746829,1963.16929717827,766.471348798144,135.144778783976,24.6939302555275,222.276036162361,376.967175978805,73.6778340300537,1892.58126250484,269.239866535645,0,10.545705632378,26.6471544890232
2.2934531597099,1958.14337931096,1074.87238287146,126.548630670902,24.7464860967136,275.626370198067,342.025105454234,74.1390288802071,2935.45936813302,202.444256931293,90,8.35559267469272,53.7577171711376
2.95160986813433,2004.33248187299,768.145329235272,78.2938191389648,19.9641296994524,227.758078207275,731.404725827456,69.7648383164449,2489.60424458382,114.212674610368,90,6.38440709691876,43.8236068142242
2.01061402886184,2051.74339825249,1062.73930357081,110.310666672409,20.8019685127073,206.616775336424,416.327912250403,74.1802234686518,2518.31341988586,241.140588302787,90,9.94000282508296,68.968150111218
3.32689084681082,2011.60996630959,1056.77863244229,117.355194933431,20.6086086811595,322.136138206685,282.614376251381,80.3849241154917,2608.52946129773,158.343594496045,90,9.97778372060765,55.3750741621302
2.49873260104007,2057.94955408193,334.480077096852,91.2811550591426,22.5206093767901,266.544561924057,271.233253441282,77.0394722178224,3441.76498585799,174.374938642958,0,7.79875230891119,37.1917725994019
2.75350267800523,1907.9527492232,1037.44474865517,71.6641511847772,22.5686981673226,244.022704850312,204.665803322732,70.634399653164,1994.17782696809,181.139650036132,0,3.03458242751197,31.7968430190505
3.43463178282881,1881.36285855364,832.681726860001,126.163445635058,16.6675317918352,292.011741712817,125.913335285935,67.2360992662781,2363.39805979567,198.320944855019,90,8.74541866822076,50.3233422156953
4.89795918367346,1890.0,540.0,129.0,21.25,300.0,380.0,75.0,1800.0,120.0,0,10.0,70.0
4.67282291705565,1930.56953722466,1051.6854554174,108.693314762328,26.7986072804145,273.0179025579,403.726620317748,72.4928337095975,2649.36044916971,265.270503922288,90,9.34277322195721,72.2452420551736
0.968086542252719,2008.87406614051,1076.7417664263,81.9278250305083,23.5283441636313,320.803710590475,547.908086094811,72.8484751607342,2137.27140752918,204.086338936052,90,5.11364376907323,61.9983102205824
2.31660695678294,1887.96833468633,811.336723776305,99.9558857185892,22.998509978681,287.006810829891,749.901596852694,72.7491474442313,2634.51371669614,262.026527815485,90,3.70337482605909,54.0926730137058
0.547391007365624,1931.73983165793,124.507731715248,121.151346373542,22.6675217980769,277.948291803163,609.004376615568,76.0722522033138,2486.6980934684,262.937030997979,90,6.55516991550101,60.3223649022127
2.71775501267045,2092.17875004619,21.7719937742865,48.0871144573402,26.1051666365757,289.49440061163,8.46031744517625,71.6170303971218,2680.19440082505,212.637810928771,0,6.11731210798642,45.5418348046493
2.95252638624795,2014.75524946944,971.080034390633,99.7579909083023,20.2086361361128,297.14694776363,574.786073099323,69.9339583427704,2902.50915558568,244.035478370514,0,8.72543685815608,67.0117081237353
3.17576486892054,1970.51813882891,724.579859120517,151.416684185638,22.2063665946037,313.627206741365,411.446771185876,73.5543672416027,2505.32548580907,205.202797305012,0,6.79367738419888,47.2949834576965
1.32161600323457,1915.20163180436,994.009248993355,108.137608398658,22.3912991400272,219.133791445515,494.872470830451,66.4823827565976,2431.77029971733,93.8221610715331,90,5.22620704197624,51.9154436616856
1.14534863785736,1883.36914843906,850.125800649203,151.023236975578,19.6848102806624,254.343818777232,757.360947217609,76.821418351988,2301.12371611074,255.347023092834,0,6.70278439168071,48.3306068197757
3.86476645149309,1964.924430642,369.448792822875,138.69916536581,21.9096723730549,276.393919257669,176.460142342027,74.0179141927363,1630.31755022398,307.352077392185,0,7.01618193548296,67.4489848034586
2.09701012840174,2013.20886200149,429.919091587865,62.7432719123258,23.9612333216862,248.849292705771,322.220632242421,71.7589087740552,2167.53302969147,250.822178008555,0,9.71802281305989,52.6981069667041
2.74842593052546,1888.3491318199,291.247479452549,135.138172328023,20.7969407950013,316.765598101322,461.151094709167,69.4059751498644,2348.28626604511,90.5092995030452,0,8.56954020888102,51.2403468051511
2.4562612115242,1984.95403030626,624.84849095852,130.912608010069,23.9621653802347,246.96841221119,276.827019945427,73.1371888079156,2150.82883341921,126.966998219946,90,11.7044040571553,53.7441926771215
2.53232273418712,1999.04476873798,1074.65486060511,119.121467317232,20.91083460956,311.590218944404,583.860101906818,70.3985617342041,2127.90128217332,156.575265064614,0,0.939462473969968,78.4290828116426
1.59817351598173,1950.0,827.0,129.0,21.25,300.0,470.0,73.3333333333333,2455.55555555555,220.0,0,9.0,57.0
2.10337405188942,1905.64275694355,1459.57054068136,105.918369652168,23.6822521805872,238.120039076953,495.67476730307,74.128481269847,1809.99324938373,190.263824039709,0,9.41865127970553,52.5116183794053
3.04868086639885,1937.5822534667,512.59669922111,111.068471455716,22.5744656669934,343.767621526051,974.644539708546,69.4715169091132,2180.47402916907,163.70476221008,0,6.51132887952527,54.0687515678652
3.67544203736035,2016.36741533239,1059.6239192834,125.624491391506,18.8467161691362,255.732789654374,748.944290321179,72.5154763290017,2517.44877808285,212.266907687806,90,4.89755510697908,59.7291492947732
3.0978365264276,1954.91735411202,703.754667728708,125.79994911376,25.0018981885898,269.251888498363,538.997427099683,67.6517685749839,1844.02392638429,280.854847506162,90,6.73185692122529,74.1093372864917
2.42345846738047,2142.06582194118,1023.45274995189,94.8952669990229,22.0542194484915,277.987973602253,865.085410682251,78.1397849450819,2964.00583987854,211.530319186952,0,6.85396301415879,45.4539850735403
2.59253564414705,2067.22761507558,660.853916104472,131.510859418952,19.7786581256225,212.187005755886,488.716528641983,71.0395502036372,2526.81672645703,170.391670738252,90,6.04781300870515,50.6541815578397
3.35971623754193,1982.29589887816,624.080898423605,130.845821211951,25.0744153498455,271.586634049763,532.348088599547,73.3374783750709,2730.75740117014,269.354084073463,90,9.28202351128364,45.4650409505766
3.04339274207901,1915.61615294402,474.089591602441,78.3615306353049,25.5766301455989,278.4576859032,218.949095967905,74.6499372110254,2940.57644318117,226.994459579552,90,4.20179067231228,62.5120643123063
4.60238997203222,1944.16691877081,867.469963023411,75.6703223667742,17.4411574191053,266.145879799303,321.828169502672,72.5883791556874,2498.89480339882,237.831421613796,90,5.7093216225793,50.55621574896
3.04851306884364,2135.88497414707,704.362095756712,67.8762227266339,22.2822424667293,245.156558698327,528.170796749758,71.4485949700631,3193.92346129517,285.418019109223,90,3.4418638811127,62.1238832815754
3.70914039976828,2072.9597988434,563.965040592884,86.8034472157812,25.2629553688595,285.407901323363,26.5449790767823,71.3370233031471,3041.02011227514,133.021556888402,90,7.31807883839368,48.0904776897608
2.21313025571143,2107.86106026112,343.053795130101,74.3865045251282,23.0758898508445,277.080675743097,105.477725473789,71.3295743026934,2667.10924795748,178.787038056155,0,4.27108154478789,82.7236805318418
2.41958939852035,1983.72540086515,102.701678727408,113.880736269058,19.849634196698,215.737021154248,422.627857186528,74.2170947539433,1706.64017002432,112.894188331766,90,5.2049781474949,50.5725481016117
2.50657787533833,1844.13402459154,584.068718013561,80.4333246626112,23.9729718091167,281.881487070584,380.095256239269,71.4298280405585,1614.87184329297,248.532143894576,90,7.94078438863083,61.5113815287686
4.19940298405101,1973.75349403015,186.274750300006,145.866675169318,20.2188897878387,223.850527860063,464.720309729148,71.7085664198853,2474.73195057586,187.933134082573,90,1.70074775969651,72.2097389185564
3.83934321295604,1832.48843784977,670.710679930109,128.294056263138,25.8568426425965,285.588941203343,680.482661439065,76.4469437920911,2751.58708394259,220.70196351961,0,2.06870738632617,39.0989843626068
3.87275320369537,1914.95204776061,704.62699181763,166.951801823843,23.3338502897369,206.465988593692,411.821057978378,75.7566034983352,2373.88034279401,291.963119813732,0,7.2544645375191,60.0941534164524
4.02706632722206,1872.81598200957,1198.86626848728,90.671862163286,23.607260359139,333.341383803312,27.5365275109749,74.0649025255124,1466.03065964422,166.748846774547,0,9.54209021815372,36.570016092445
2.36568253187778,1930.95698101364,657.916704936603,97.9760139408888,22.1404775974132,294.865630944508,750.423810391878,69.5823142158565,2326.61618627339,154.710334623347,0,4.2473905784927,28.757218897991
3.37061836693498,1987.38487688964,322.028643515288,104.936709457232,20.0321056250141,301.077077388881,453.919475063913,71.8196060047592,1946.21895881746,86.5695224679984,0,6.91074461636823,43.9076879570936
4.4815729542052,1864.34437256054,697.140389493947,78.9428794552848,20.7284370064856,199.042861825456,219.543219774861,69.1865535575937,2553.66907208655,274.166239038782,90,4.68538988631442,58.6084909418927
1.86096936581185,1962.07098846521,911.704835453794,129.726054887175,23.5205788412206,193.820001825898,278.086393693217,72.3068801841129,2367.00772933344,195.376390196191,90,5.53550733455347,70.6748042158346
4.64134828469989,1919.38733022273,860.119684840839,123.763854944707,24.1549687599411,267.384532319697,584.631991841216,70.4041946009165,1942.75715121002,171.18073577221,90,4.99457310337518,66.3572687364437
2.10688770751643,1914.08936856932,963.748397391324,58.7108085952928,23.8137084314459,278.612240000047,793.402805453017,82.682051035271,1422.9757534098,283.239742352045,0,6.77688842548324,49.6973106741543
3.10804304801002,1879.00070531557,1106.82574916339,157.076487854001,17.0892281048042,305.658635175067,1227.24309651447,72.6252131075541,1529.6044230796,208.945212267981,0,9.45326906976745,52.3916690992692
3.35542123694712,1995.54915298801,984.742073026088,110.738213383709,24.6960931867121,193.431144086086,772.566280273134,73.9638574598083,1348.28825123883,280.880603097237,90,7.93336782547122,46.9443605108536
5.29584199270212,2116.64795026469,833.967349070426,102.944857127043,19.6209199363866,233.750031412295,38.6095292657055,70.2210709270813,3533.00849634503,254.612779698156,90,7.80914751093026,63.1379074653403
4.41546519675276,2040.59080317493,409.199726656002,126.290840061188,20.9852939918455,227.553330634629,57.2559204973207,74.8085486192806,2191.28516439615,213.571776833042,0,7.58315260345345,65.1798735265123
2.4034275396069,2018.95913118403,9.98620992397411,59.1746537274616,22.5011172600363,318.192405375553,108.448229443837,69.1157624262968,2363.29454596808,222.307307195355,0,0.239660317801428,69.1533524116421
2.82705549535699,2003.31706976597,890.888308402987,154.966324838998,24.4617295612985,307.797290682674,573.01530929527,71.9275065080738,2570.36512562535,232.183846934885,0,3.68217085363983,82.01101404465
4.3635480337158,2097.72351994597,1220.17496307196,97.9543864203576,20.6242541763171,350.704788424421,348.451700955437,67.5390835403613,2191.79211268081,247.373357383828,0,6.53572810808329,56.7609859198698
3.18897084243156,1870.91772792217,1300.47392078898,49.5415852617548,25.7238726061201,281.111723210943,406.763854832785,72.5629993396811,2597.67771012515,275.217434288462,0,12.5017200038005,79.8564598134299
3.72306752097199,1964.19732482913,579.181805754657,111.674659280505,23.4759177314366,277.142021270436,879.802463282609,72.8229997076595,1876.13589805019,141.418793606267,0,9.42422520370247,78.4941526166011
3.55241804852583,1986.55243996333,818.135194454281,102.614962309456,17.7515310835964,256.335929683774,414.212654658843,72.5137471809204,2427.7269226661,277.746898334632,0,7.01662242248013,48.6676443864594
3.85839462105363,1873.63015432042,981.863229192678,102.429378146075,19.8395923863193,244.802386412792,876.827541329149,75.9714893100369,1913.04928896465,192.197370895773,0,10.1177506111313,71.594706298912
3.39100886985496,2023.78580353891,723.921402248695,136.901365027076,21.6501376118453,327.402855611707,726.627740312375,72.509331889988,2305.24122524355,199.561589361432,0,10.1876723264122,57.6153269438305
3.74565841437088,1878.16674951199,386.619887604499,92.8347204791478,22.9737984240568,245.443587541854,84.1548199140694,73.5604107730356,2991.03267989438,140.765807192821,90,7.63586044906905,60.9240880571752
2.6784589704772,1979.3064764653,327.69562509383,103.340742334975,20.4746612978249,298.927841656092,639.888389439512,70.5059126098872,2567.99299167857,201.672720150823,90,5.20656560328068,53.4603324048749
3.17024384885659,1919.33390883957,876.772075103474,107.850574176353,24.1527438619465,253.127720628538,162.952787637397,75.9663756306549,3094.44510231888,322.266100633715,90,9.24322467390558,63.6506915322676
3.35053853315568,1964.86477559956,1140.3916836964,96.8128972761857,21.5721276033722,284.78126016453,887.796828314815,72.871322398887,2412.68229356069,283.565145920482,90,3.64049644342301,50.2806446095633
3.26024967451208,1869.80813325261,498.519344164963,75.4492201996422,17.4384045724408,328.502329827219,584.746860457853,67.8036799551769,2421.36969798249,250.036046843494,90,2.46981103748895,63.9427633810375
2.15465463357525,2015.17904470495,623.067450837441,122.394948207229,24.6832872240298,271.398811908636,204.009880483633,71.5337099164803,2751.22805140589,198.742865176636,90,3.26897532345737,67.0388235935971
3.90053872437991,2025.60832223059,883.908384955865,170.892293147785,25.281753452648,195.534573142492,638.025713245687,78.5008223303973,2187.82345318916,247.622707599909,90,5.30103977407029,55.0638575865023
2.07699893235721,2032.74203739696,717.818676968961,124.593964183872,25.2736024398921,320.232484714167,310.654767210158,74.0376365422439,3065.23632614075,172.5741060841,0,5.47184301048929,59.0288637431167
2.36432584301641,1863.59451337024,836.655016376406,119.522636710579,24.1951319062,326.804350324649,748.84093854133,75.5815736683837,2805.836339356,177.812580190264,90,11.4243904418049,44.2920023594207
2.66438864884511,1996.15914531562,525.05777410666,77.506882539453,18.1261070575147,223.408685433481,28.6581023413458,69.4897734806242,2220.58744458909,314.776668711928,0,6.6757803392663,78.6232993394774
1.03018850972023,1923.81197577145,274.911499649454,126.758012246381,27.0992028334946,278.709560694548,657.026471895359,73.1312675494486,2687.11134973822,126.716443030048,0,6.53544521861475,36.6820981262846
3.06594713097652,2020.82833134671,924.667790973332,88.6881266528076,24.8023792180936,292.716587967967,636.836531890629,69.4924331057342,1799.49332881488,205.62027658206,0,5.31533821657741,56.0041412503049
3.35476567303528,2009.71494360989,920.062340679375,162.20930000627,19.1119476618658,343.068538985823,201.476102702506,78.3507689383128,2110.60461921186,278.592085604861,90,3.75658609703948,61.1005324807364
1.75061251860973,2033.66407289222,292.091965473152,81.0174784106107,23.6932072059734,269.253574297601,960.917085027288,65.5533359100584,1817.64485441597,172.281971523916,0,6.10503457750648,27.891888320878
3.39571472802574,1935.18990194655,356.398132066429,79.6531911746352,23.069705181167,251.923557349587,451.313045145849,70.7905025294924,1633.42746620233,246.086217813321,90,4.72177023682637,56.0839067824464
3.11263937349818,1977.56232032216,749.517231538768,115.389521470393,18.5767968842339,304.533285520912,581.932325850059,73.5376629806048,2351.87325484911,126.075224434762,90,5.61208166383064,58.6550724091731
3.34911017268181,1891.85269708347,961.489089425143,112.321590182665,25.6141290644294,291.677373667375,144.412068044249,72.6384839601831,2402.02108258303,144.268839308123,90,10.8153088500451,43.736501588161
2.75519042487075,1997.80451901649,1083.79264550783,111.727884448812,25.4206472161925,302.560383292527,567.407012343432,75.6320451041826,2464.37471038169,277.357597596072,90,6.8920187971196,55.5212480280605
3.55290174530877,1884.77881337407,392.869593247304,124.743924998439,18.7269091289635,263.059630579896,319.200820181335,72.2798620922197,3628.87719274289,165.402757036989,0,6.48467772825093,62.220947036222
2.93478260869565,2030.0,302.0,129.0,21.25,300.0,210.0,70.0,3000.0,220.0,0,10.0,47.0
2.76291573511433,1913.86758866351,563.739823139654,107.950548558516,18.1576270542456,320.606020982048,712.932497426697,70.4238345775812,2880.32847905652,176.635530153554,90,3.76264020499411,49.6439833469999
2.22333735369151,1929.58469566219,444.184402240556,123.687383935654,20.5200412782191,292.678638482627,469.436557171599,71.0907746550717,1908.20375934648,216.479289975495,0,9.51173727272251,58.1963013757212
2.50233337341699,1955.51473888156,538.601206796116,99.218383758296,19.9749656510014,283.150588034338,38.6446599096876,71.3675765850623,2480.40648489228,245.481246787851,90,5.24852729956531,58.7379414918457
3.59131024463598,1963.78630889338,882.534863653274,103.209536818205,20.0859814007958,260.527628143047,525.29649837477,69.3423624682752,2997.22693031659,148.771905886573,0,10.7513826338418,74.0939974235979
4.42246624136932,1945.32369897669,636.831057217967,127.661350648417,20.5276962843134,249.291603188095,646.632354383191,78.2590887401067,2934.86572835063,197.557822271885,0,3.71701487088887,54.6055537477971
1.98236276852439,1969.7006539993,537.186831592896,106.340296044248,25.1064678490582,298.200092441591,269.2691588657,74.5777344719951,2322.43252716832,302.941713124108,90,2.45492264147448,43.0728058451101
3.3642930225736,1998.4140238735,883.636811074061,147.122139053963,17.7747318511185,272.899866754318,430.807673524583,78.5975163191845,1673.59951402571,196.187516512227,0,5.85158640165665,84.6691107761305
4.02912621359223,1880.0,622.0,111.86,22.2678571428571,284.615384615384,470.0,73.3333333333333,2455.55555555555,220.0,90,4.0,60.0
2.90883470048884,2150.7930527867,885.817285369205,89.4310083723971,22.6603416371168,285.955222967624,605.799717401284,69.475780403348,2696.46922007372,267.320640215586,0,7.13008028180544,67.5663179432475
2.98855003664509,2072.17967717185,1311.70036235062,117.80245375319,19.1683775889547,266.399984433191,714.505450879005,71.7853817355904,2354.70757320419,239.159992897437,90,5.26352248518958,63.3777788641175
2.33785138004343,1949.69868472891,618.124271404902,141.181564077285,18.9094103554373,220.708092901633,811.540017594529,69.2012223551941,3329.33753782109,212.259511824857,90,7.54781583991514,52.7769958692522
2.14396852231878,1807.59591013457,361.022237828676,176.918845954378,22.9599237755599,275.341717962082,122.478764577174,73.5447195851458,2711.66958199005,239.185654216896,0,6.65585825984023,62.3957475498194
3.31803230831868,2079.21632318591,516.439005076361,77.3303341909302,24.7990185506112,223.749030757843,402.943971600945,69.1025593023868,1595.67967372433,246.810874459854,0,3.9300567366858,43.0823726124662
2.2682672017141,1933.19272691481,724.691750980577,97.203717930052,19.965831162805,352.390283201652,606.101276090632,75.4988638795789,2470.97907463489,194.177082761652,90,4.3979853681324,57.2073778308756
2.04093057212972,2020.10838437051,269.632918011436,150.709762848465,24.2723000590216,296.99602372429,105.673016955801,75.233736657172,1961.47275853117,234.198350652624,90,6.0744202245476,48.8180818200647
2.70816604469306,1984.50529585003,1071.27005230249,125.967504582521,18.1484639733653,351.025423202367,305.235155291159,73.1814103837349,2044.51696823482,239.568622036349,0,7.07875404206124,78.1791533623566
4.41197363868934,1897.78589080957,654.532983529879,104.267911881741,27.4527273521777,271.364108544987,525.643078680883,70.2005529532224,3088.22232064562,305.719083466308,90,7.47235827273671,56.6532532654399
4.27197685251034,1876.16804570014,560.960950889983,63.5118456398383,26.0390889169199,289.494315739399,237.688171894452,76.439840642442,2155.8622848975,188.756824295458,0,7.53435720569406,37.4951361340768
2.58411923770564,1970.68866902877,742.247846286338,141.247493935339,21.3069187444137,279.619248993945,488.015046693568,66.5786220743702,2872.9290600952,102.756576227109,90,6.9282471560355,55.0513689912721
2.68194050892477,1843.18256234416,1185.99314968772,106.823807795205,19.3327000435086,320.363018577296,75.2400195451441,71.2150322767018,3377.32804427794,92.4478651000093,0,10.6228863710581,47.5497714800792
2.8236755714164,1960.40275372585,412.699463293105,108.846759431136,24.7502293316594,381.689106038011,497.002622071938,74.9107378617238,2724.65487781972,244.639047689109,90,6.16534754458454,50.8236748784086
2.87837400526784,1977.12650436177,753.240254478766,118.753778687839,21.4608169459308,319.249878232552,558.711629458925,68.0057716190157,2294.2629128926,248.344638490162,90,5.41686467068028,45.7084802127863
3.50155541280852,2038.05608574815,637.639794249052,126.271952742156,21.881400492759,310.700188727306,394.643045033189,75.56625752307,1873.66533480411,210.710992664226,0,10.1107223466598,80.9181466483254
2.92987944037979,2053.98537865147,911.058455965567,126.72566648855,24.2542364251645,285.811108461131,767.381731324533,70.1453885712061,1767.31317497859,257.066368086249,0,2.27149646860691,60.8311741808215
2.39335559675756,2053.92831802024,710.851928521885,134.957547547227,22.1304484869894,304.832999237713,361.106340941915,72.0474413283835,2802.17805816386,234.208913634003,0,4.56846260485789,52.6405746910021
2.9924194781386,2000.59645586678,462.739866990025,121.97806763199,21.1161763881062,186.508612778258,339.351554957738,72.9047729598082,2299.67597753743,290.125624200961,90,3.98647876690886,66.0399152178022
3.15442606405067,1947.07241228375,822.60513241631,100.047074105303,23.4177941712706,381.857724547739,698.788647906822,78.8543046969239,3018.45265766175,154.10861310563,0,3.11214724787822,28.6616316278123
3.52431079785454,1972.0538157705,677.704062461977,95.7640715832598,26.5441229294752,252.053612814301,112.459564475922,76.5401687590129,2229.63118003497,225.95738278634,0,2.86772907393732,55.4803871584365
1.68729248159189,2045.62525672893,1440.0396233705,99.188412756464,20.6759553768635,245.699725933507,238.901812734104,73.7190056431826,2268.51380470392,183.680043599176,0,9.23056850181962,55.8587852260079
2.92037643814623,2087.64681702046,4.33915435296057,76.7840212979,18.5522199583642,258.302450212546,68.5081185875503,74.0623489887731,2475.64572918077,237.850070422814,0,10.4661311047485,82.5254927947366
0.98674602646345,1998.05847300065,1048.80095215343,137.936242554992,28.9550943746499,292.986330325323,341.576221531925,71.6739071670114,2754.51587946515,163.68449291877,90,3.71539074304265,55.7476087169067
2.79855724327903,1856.90716919693,1371.32845217829,101.205693240017,18.2958659042563,301.672937430445,601.823217118595,73.9349604332584,3221.94599075441,181.278529072875,0,8.72903701975926,28.9715301823421
3.92733755369061,1959.65063050155,1133.8944567589,108.527432811287,21.1699513026822,242.068878790164,594.850651798236,69.8113727471319,2110.88725805349,278.622472015173,90,7.22297449870544,74.685180258194
3.13843846998454,2021.20026383657,885.312423005139,90.4095504635772,24.3153360720041,325.176383656305,544.203244877878,73.1702322719272,2691.81189906928,258.998145741163,90,2.71304499833046,56.2796667049783
2.79135167712529,2135.7986794063,1361.9606544496,122.466336798646,22.5324830773673,250.111700908508,949.473929507535,67.4553446395691,1849.91746460923,326.667721575908,0,7.00724231596374,66.5469468564653
3.66078705917815,2125.20620903089,856.379707246881,120.193114819935,21.5467637577552,224.657476294879,270.457644156168,69.7029943205378,2953.36674800987,132.056503137526,0,5.6805105686958,70.7447086273094
1.60004579875798,1923.56622964913,878.057977761733,80.4360149233603,20.8370874740004,249.560845916003,334.489581765056,70.6469216966847,2027.40608239526,166.111368392375,0,7.23667042767538,80.0293493042066
2.85258751437478,2030.38862822153,676.635472883414,82.3270471781724,25.8893757440793,256.690267109608,253.914553990298,66.5983585301374,2337.95254740289,233.618017325142,90,12.4029378273199,64.5785517195739
4.25637632736662,1985.43627389172,481.467008793364,86.2580477765799,21.3510430299661,240.093794136484,61.3178549317505,71.5960274616026,3156.30010328437,279.646443441237,0,6.25505768443793,32.878738287025
4.27146934044777,2054.57036494359,1215.94773097476,110.61372995334,25.8322293303589,343.584498783433,443.40114163597,74.9433290818552,2573.63812066865,254.3807644272,90,4.88483723267214,57.5651879053945
3.60713777364837,1931.7638581364,652.103312784514,103.133200879666,24.4763964004883,276.45035231928,810.697828976228,69.6222241524193,1950.16506493458,202.786360867199,0,8.66455207426667,27.0193744351911
2.41869050647206,1926.53092310298,1064.1045522501,98.4067942455131,24.9020759028633,271.126312461753,87.6850850548642,77.7488549014407,1874.10500860779,241.148854308972,0,4.80399530042969,79.9319638359735
2.33842428819444,1963.35156013111,1155.16050409361,150.015829771817,18.2994213764344,315.904178072587,644.363142054109,71.303989767743,3407.71358118161,304.423274095783,0,10.3029447225773,39.2342797929543
2.87068148190978,1984.83947488631,923.084499301507,117.290318644143,20.5553436058626,233.417883943816,1120.68496993117,70.7779638927263,2347.00963535982,108.342434879056,0,1.56561345806319,40.4719108616351
3.01299787277017,1968.86061845949,1223.04693537529,118.501893620708,21.5396081117832,351.657839717447,281.348472357103,70.6739851525196,2245.82646254295,217.481262331384,0,5.87119627818291,47.875244655886
3.80802003570828,1890.41346800073,417.316231974178,129.18341630178,27.4747630227888,300.95270773728,758.747881949237,74.3097040002191,2856.3289321653,194.754342322513,90,6.07890159451676,77.4344679988044
1.81086157641484,2047.6141943049,1152.60812580044,148.422147037363,22.5769499966624,285.256142685964,218.644197109033,70.2388307140373,2301.49349086688,269.51734577962,90,9.08308708418495,51.9116812330188
3.42499356829998,1970.49947520424,954.847922112018,144.62515123291,24.6522905332613,264.98805913069,694.589684691281,73.8404723753085,2285.78546566676,242.723168864624,90,5.95935925446062,49.2591287329983
1.83662218734737,2104.46731243363,1543.02368299018,102.127823226747,22.4558919497779,302.873980838041,18.7160935977594,77.5791021510416,2269.24892097738,215.554191541474,90,4.84649076113335,64.4813311873182
3.13484173928598,1982.01119461129,814.622757306763,91.4938121418094,22.9124659741369,268.50387451374,805.136485389073,73.0974925743318,2186.78120931956,199.31199529086,0,10.1991975311829,60.6317011298399
3.10151592533904,1909.16966185082,931.797201127529,136.953374238807,18.4247868037444,268.969049687958,419.947711632948,74.8219015788651,2650.58041870068,347.995377425437,0,7.61541623968522,43.8351626133132
3.22375408301276,1943.34456584143,1162.57595291449,88.7301030138011,25.2758516157119,338.595450643775,388.991416011631,76.4391655391635,3056.99328916593,105.204624180589,0,2.98110577797424,49.5164391115865
1.5631707753031,1984.39556020526,1066.20034223794,132.985798504881,18.4802693809481,323.263870274423,318.165864715843,72.0723644922996,1637.08557687957,260.051487840093,0,5.05760889137234,36.0772962867338
1.48409567912017,2050.30002401378,508.907881451024,98.1560862185257,24.4118226587808,275.905240812181,134.095249607567,72.6369816764421,2004.61262779874,196.164794821188,90,8.06274601071718,69.0342422879661
2.04111266686775,1977.66179464806,817.549959999521,169.09163392551,22.1283878813565,243.067123326243,793.650289172177,79.3039877637456,2399.30132171476,161.751860037104,90,7.82756226481558,65.0774794618762
1.91684276700052,2109.44165877917,691.301684735719,116.606569802103,21.6117356899519,341.789753872262,372.705289640144,72.6800256760073,2085.86638304655,265.171039141906,0,4.03646417966573,60.3296802257816
3.28935953149906,2061.01447917075,374.15517799859,121.066050487483,20.9817295933301,307.840838321953,197.638696253385,75.6185150070368,2454.20218751784,252.98851217579,0,4.00362315710827,35.2813761797027
3.71089489216134,1894.97415222246,440.40965409336,92.228825653464,25.6108977257481,189.208392145644,753.144055677733,68.7618104072855,2003.31862090863,160.744660535214,90,10.5459740677091,52.5051973402258
3.27902264127646,1910.43144550332,1098.39930396602,122.234857024183,23.3416820253754,325.879383116353,484.396927530372,76.8615029565873,2103.2357321953,233.739395974405,90,11.0620697546059,59.7890962440317
3.05783014692351,1987.25985886021,403.395230243573,112.719826048096,19.3905110709324,336.245383730252,352.831983527717,73.0164888868577,2016.50363680435,206.693378878874,0,6.30377284560279,72.1520187318852
2.69637563620083,1970.83085453484,890.88950883287,150.573161508807,19.358206535348,300.063373487655,498.079196685443,70.846359206809,2539.44729608045,200.336114648065,0,10.2386533388542,77.2777281396634
2.97894266428343,2021.14590904939,79.674563946104,120.317733829063,22.4716602176643,348.307447375555,397.320130633095,74.6930664686507,1857.01861347636,198.635644164876,90,8.43171825841888,52.6387961323832
2.99615410801784,2000.02126014374,963.514985838245,128.413302904304,22.4129111716308,293.695902661827,252.552154039932,70.9418768394867,2140.66316976665,243.754769900751,0,4.80608250942645,67.2432458658153
3.59014038633724,2002.62437287131,544.11998205443,86.2714245939826,19.8983803073326,341.372950775264,906.818437695466,76.1715815031346,3139.97896064747,312.169810600001,0,7.39120458228387,51.7091255418491
3.02706913895373,2095.71675423041,920.76281663123,105.778667979973,20.5321352105345,244.476592883906,859.432338111082,72.4294673196596,2844.65550998255,196.442031015139,0,4.53857058395203,63.5616451235943
1.29866706783599,2093.94243644794,895.989279209491,112.455776956211,19.7945329592369,258.799345632347,322.790205561484,73.4937493591603,2736.78271311038,196.870502419641,90,7.36197684761144,64.3119391810011
3.30766348564503,1931.8819115493,1110.89683121923,62.6209237915913,25.3340821305218,294.211395595683,362.407115407814,76.4937677824552,2787.38649178238,136.548331697336,0,5.99118763414573,48.6359689714902
2.36140236745807,1912.84593208736,847.081613962624,146.338944669995,24.0722080139182,243.129816433232,895.759876212189,76.8209329024427,2560.56102757522,232.053970599788,90,7.61043133232177,51.6903741603322
2.6659737764859,2037.18572656247,508.106057989281,71.6665596899761,21.1075004606428,254.396001435461,571.377275480287,68.9383678956595,3121.45747198395,199.627047937827,90,13.4849451024425,51.3056209036489
2.23334941082696,2044.10229811144,1138.69495459544,131.673486366211,23.4748175591345,273.591281378132,1116.67587911399,77.6425227973957,1785.87336804671,189.351785657989,90,7.93647356918919,59.6947382788658
2.38641036879148,1980.95645245518,750.90382791739,112.821548651682,22.1953770152588,241.218582192284,580.077567358432,70.0123956919693,2413.38596868224,108.299573204274,0,12.6348439506841,37.5473728604751
4.26901751511363,1992.34748626681,429.331156356301,165.678443557548,27.0775326678031,298.414700924323,401.696846943484,75.7055738990858,2585.47194620788,326.726575418445,0,5.72955520963952,64.4474762464711
3.04402545997966,1976.86600861261,348.566270215376,96.1051582858708,22.1818058753996,383.938403539122,219.180254549882,78.1456327650619,2814.38209317187,240.768043426227,90,7.13970195900345,48.3468391050559
2.44417698589548,2085.49583722341,931.310636063099,110.564839894065,23.4871397611806,270.286765096589,278.230020274264,71.4790604659631,2740.22963128366,187.861372739767,90,10.0,60.0
3.33144574566143,1996.34619951537,497.281059282628,123.961879698429,21.9323216802452,239.2289440782,268.883809224583,71.2211466221415,2492.54807074763,111.07402758303,0,8.77231632717466,72.4170645300368
1.04784437162498,1966.14244775751,656.251716472642,63.652301744359,26.5164685058214,282.836263500657,824.488815640635,70.1194787794758,2124.0334997342,262.349621793838,90,12.6564753039624,59.4743308398162
4.59411928374469,1935.85149147295,626.971764008229,125.843578885639,20.919002383792,274.22567862359,505.856487702511,74.0263985450887,3130.33364170614,326.70357457213,90,4.44679508599381,56.2607003250068
4.11749665053546,1960.34446849309,868.624680400085,80.6512838411965,23.5136668149397,294.750031780884,894.942232197899,76.2596613207854,3171.81652137516,319.595240857592,90,4.97688664885082,67.1100680704396
2.01536258698916,2028.59629120578,634.827025239471,115.034794497194,23.7037771102794,293.849226566135,245.590610377704,80.2544525384952,1486.09479399993,185.83007757709,0,5.16734860553562,47.2647613528896
3.18337243146143,1953.00867726195,1409.79382606582,63.548428011456,24.8610554043635,225.514801697175,633.15189762517,73.5519293041623,2324.70327765216,235.951687484195,0,11.3610125448376,50.0316909049045
3.33185975735501,1875.54289392783,563.913930111109,88.2955665962909,19.2023192234106,291.908592416388,314.313539828686,69.6892334430759,2436.39775340837,238.746202636866,90,9.3140640687464,50.8502833746329
3.56076012316652,1935.83276187634,1462.30630330245,104.531154772559,23.2583658877432,319.567735467693,640.730223453165,75.4039181228279,2208.51588471351,171.223083694343,90,5.93593363991284,62.3263053667451
3.62568575586845,2063.1291323918,1004.57457337247,89.0755807875109,21.8443745782911,247.156750017886,779.849452970738,80.970959496528,2331.53644809634,137.760967530839,90,7.4093989610561,55.4029469129351
4.19354838709677,1950.0,506.0,129.0,21.25,300.0,380.0,75.0,1800.0,120.0,0,10.0,60.0
1.82149182558494,2045.55817844179,525.758520311344,121.754660866466,22.5361314375521,220.152239218867,877.923203482754,71.5567409671738,2078.19436522591,229.182606129494,0,5.45457783299345,32.7762495845351
2.62994591942363,1967.01775578777,282.402229757653,121.412258684084,19.6841281174526,222.357071405747,118.304610430126,75.0958541876577,2299.36963227476,159.208097643555,0,6.38489033954904,61.4335585149291
3.50825106405752,1957.88323830118,1352.3209255022,127.286349889733,22.1299232249216,309.062718662271,331.799800107389,71.998690545253,2699.01672116821,223.536269073017,90,6.35016397015252,64.916830868498
4.39773004502382,1991.70786381633,962.13596355255,106.179379099759,23.4046605496487,355.176984466933,531.152675289289,75.101887715699,3579.26552285688,132.360669243263,90,9.33093262399394,56.3491765867555
3.61165851564362,1884.37181112659,1027.00896529723,167.446874409975,20.0535831662895,289.30438379715,420.23619794072,74.4088448961024,2314.41665852453,301.764042344833,0,11.4711515577436,35.0051209324929
3.78453378939025,2080.43626043079,818.584963242036,147.908960923558,23.0937147359627,270.143494828285,764.949129311538,74.7913199104795,2368.10271401236,149.084561101116,0,6.58791393628453,34.407934234527
1.82875424455381,1920.56456646431,379.333489324653,103.509805857255,17.9985594306308,257.285561605244,37.6293511753472,80.4198624060801,2001.81101439788,155.950624447171,90,4.26440262307945,51.2194109528471
3.55003786197104,1985.89744823565,766.062355518217,143.639701889278,19.6372720164435,243.238936220425,522.057601606316,74.4290499678018,2413.4920876101,189.05029870232,90,4.0760530086027,57.4999880871272
2.98953812495811,1947.95216702878,240.142590041484,110.615465756571,21.0310691480144,342.168045469108,0.603739925153945,72.1463596379168,1680.97105687655,278.194759106478,0,4.90448544354076,49.8985667856552
2.04142016498364,2037.97196469609,636.829514222739,135.866453392522,19.7147334532046,305.537781060515,734.734605755491,72.9901765268755,2820.3277416172,247.967303366162,0,7.58144839104749,54.7354283175484
2.69613075211734,1952.85850989454,836.660800939474,145.080521776996,22.0694328356151,231.849878521293,59.7680605555454,75.030516646937,3088.90574917173,270.918852769866,90,8.55055974865526,59.1675518215067
4.6028912279473,1898.89145191089,833.367762566144,103.012602179196,22.3941693286772,296.604336749498,535.406493273472,77.8562838569056,2605.46315340339,305.376980818798,90,6.80127328258139,62.2699097426505
3.58242628401914,1981.62562853414,130.017404394187,91.4797211848331,18.6860476883599,257.683616118537,505.951020642013,71.4717835032768,2925.79973026076,187.134922813056,90,6.93935148778421,57.6703008447362
3.56306214520129,2073.58389409332,995.54876673961,70.7198166527131,23.9176911747868,265.410701033424,772.392972560843,75.0171478839884,2837.07382054079,203.579610210031,90,4.09098448253598,60.5778822152103
2.50404876653052,2020.94741118557,933.322454539286,106.797330693359,23.1856366741444,266.090178096181,201.812342967734,78.399562411543,2799.67323295692,350.672127396363,0,7.26003012049845,57.0946413146331
3.74896157345573,2009.44087542053,245.556406366688,124.510076050075,20.1648849430769,283.765767873453,255.296268855299,69.8313018523018,2588.87540410518,224.716090850602,90,5.93133488052586,52.98694389327
4.31566578217077,1913.37967697839,822.9187354835,143.576937132067,24.2755880964038,274.988794415536,260.859341082141,75.9573285670879,1639.91252544902,248.244329856063,0,7.65621087508853,33.5710235584788
2.79870334152745,1964.92040641175,255.224631850944,83.6732671446578,20.2698472560264,238.140328582289,153.120170531218,75.5154874286498,2250.11665121134,344.243989025044,90,7.3215708314294,52.9384384290062
3.92157888908218,1832.56096474266,817.332217346047,137.5164552247,20.3873387499097,239.662281461481,598.133636328993,73.7332208519699,2798.79683963223,295.419936885468,0,5.38572190013947,39.4889334141116
3.49922156297458,2081.79953118546,715.246596451018,106.696002232176,21.2803952172732,365.069748585557,358.175082030933,73.1871068991295,1900.57457339949,221.089253012106,90,3.45599147384432,62.7891736750716
2.27518169360637,1999.85210388695,788.456272354428,136.71028547338,20.199540777003,367.549316139371,951.144248198787,72.3211612353766,2427.97606672238,356.925974533366,0,9.62568994054109,37.3506528068528
3.55701754385964,1880.0,313.0,129.0,21.25,300.0,210.0,70.0,3000.0,220.0,0,10.0,57.0
2.13444614423682,1986.34905262266,809.293803508733,95.0890218408534,19.3649257190022,205.499760973999,196.357642664904,76.340207250164,2459.52452600309,289.957141572361,0,3.74662497721847,57.997772182102
3.82413108683128,1923.25513493034,763.917381127954,139.248220834772,25.6045585926705,246.85211212043,184.457314450607,68.5355988530003,2331.29916739059,295.850429908123,90,8.78474220019824,54.2275732372044
1.63775922071923,1994.08939517516,1501.91596901944,106.703067800109,22.0869398204032,277.271915360715,390.592062642114,74.2550456035084,2275.24319363984,159.764639678821,90,8.61377601926837,49.6369520531539
2.56715116633616,2008.45578754877,1274.45432284943,79.6349891103382,20.42314089765,272.012167947354,41.3190200957728,67.9722179358194,2437.28927858689,179.85842346635,0,10.2468500433227,65.4428940493361
2.54975286061518,1895.52784787045,286.013744348352,88.0155248968108,21.2140440363024,338.595661819051,489.839579187289,72.2509750837822,2724.80078558311,121.829253441331,90,4.06318304078484,61.7645545497132
1.93406142860521,2097.11088612138,764.24654816594,103.418854731513,22.8795728873241,298.242388601672,711.229253559066,74.0706149577122,2751.75034607759,117.299953609809,0,7.92784550806077,37.3274352578281
2.17381532740343,1977.30295613974,495.742464120992,133.221866077983,23.2756225197549,277.645391410892,239.456053424388,69.4200071574436,2971.01378300192,279.281756596437,0,4.8478031943555,56.6928592975093
3.96454250487326,1823.41378483367,919.728547070212,66.8521857690555,21.0719602588978,225.010398846774,776.757822867142,69.4774939443406,2986.64164432099,299.963677783996,90,4.49870387687255,67.7046625310749
4.1323785430947,2006.33912953709,1192.31111668962,85.631079108664,23.6362982910737,289.566251879882,1010.76556416012,74.7374927268402,3442.97048040893,208.279613456755,90,8.28542479289686,60.0298167013592
1.74232931294679,1912.7938264652,607.255667333279,96.372119176812,22.6391013307519,250.09512230443,507.939903858494,72.8189358408824,2391.96907322475,143.264559538606,0,4.22886225395882,33.9391240774172
1.85647616956086,2018.22033158733,836.294381561619,135.401696554643,26.4355145955444,327.51037669861,150.961448500303,77.210761575252,2473.18719456744,123.34456143249,90,5.0,60.0
3.48542721065284,2026.11047511909,778.439914842677,133.38820166888,26.1459942978905,304.525938733415,795.668948275168,72.4299759448882,2445.12450748331,143.64805919048,0,7.06882206039927,83.9572493713496
2.16907383923955,1889.5131790005,803.346468666344,132.528295058016,24.0755546727626,323.153659499267,450.429299918447,75.3369167965021,2147.5760850345,244.606069551777,90,4.91109869764854,62.6458599384527
3.17043950001892,2048.58597044502,1210.60745412398,122.710723445692,21.4421783347398,263.984441734051,681.714387271443,75.819722223249,2896.34534571902,256.737402084737,0,7.15974731901224,65.9512878424036
4.92278144020404,2071.26043839274,408.294675627056,100.333695828627,20.4784434721226,318.392903940856,691.280873134031,71.7291362153953,2528.06804608641,159.365452117821,0,8.92444965840098,72.9542936840756
5.09899308958125,1977.33904724926,1572.09604227992,132.343059816683,25.3970009790122,286.55643085455,690.364835735948,72.3416397334948,1386.57897293013,271.901393688095,90,10.0,57.0
3.10663365485903,1884.73498276977,563.568192067629,160.43323427402,26.809241456691,354.325741140312,245.593927421025,72.8125562918227,2135.77917226228,275.412754851611,90,6.54466002945323,51.4817582990738
3.9505014317146,1910.63205072351,700.907094699343,152.821434044219,22.3332538134583,235.940152348992,143.030854441705,68.8304957365155,2434.85721385732,265.837277545826,0,5.90793210293883,55.9484552488488
2.78367549294038,1990.29055480559,331.404635192923,127.256085982887,20.0914449847875,230.228198651082,577.408889399999,74.3037165265211,3249.69676632077,176.945877785539,0,8.60921304072562,43.8145523801962
3.51374186722475,1912.87367315409,535.325944169076,115.654546965091,26.605044740763,264.335482766219,350.233826533498,75.8821428039956,1958.89580752415,257.193836656537,90,11.4430576796202,54.3625875571229
2.63993086925872,1907.27317482055,918.925946844819,118.91333816991,22.2833686701552,293.819973581458,494.399698325888,74.6286844154879,3466.09704274794,201.934028804574,90,6.7848420075787,66.5395784360701
2.19846053120293,1943.63426665908,767.55549645512,101.372477223953,24.0912974325542,283.923845299446,560.594871497852,77.9947963647264,2195.01189014391,219.249717622882,90,5.79858667035299,62.9349568036608
1.93858919592013,2013.24502621617,165.365655677147,134.860407420551,23.2838681485982,280.124801881067,342.660951542194,74.4049466076803,2156.6665909469,222.29940271439,0,6.99922181766275,58.9856431742854
3.17520319221276,2017.66841827367,429.31508758844,120.459241685457,18.8881797695845,221.623818839221,549.996191345387,71.5549911227018,2616.864265182,237.039086928859,90,4.31477389277212,51.9792371871237
3.14983047387399,1990.04070869688,614.604118727378,79.8611464906257,18.4881028934387,372.176154657538,312.019469492871,68.6051290271902,2432.22421235716,172.091920271872,90,7.79752821084308,49.4586410776909
2.97904359508385,1906.25026488394,676.899816451961,111.166300576196,20.0459883389889,293.817554965002,83.3010030601472,71.1201021319712,3099.28061383959,164.365314858858,90,9.785760648969,60.9205232395858
3.88708036816043,2024.92707631143,1087.54423393701,141.799354991974,21.825161570904,330.644050791582,618.006876628746,73.607207633025,1934.62879556084,223.378891124753,90,5.00506706830069,70.6648784002311
1.95122367427657,1992.64411535485,661.574466595786,114.162319313541,23.0913737653394,273.535418977726,833.694773532915,73.6233945933127,2518.31016246248,187.671301276417,90,3.60857250704896,46.0097432949097
3.77894996365667,1868.70104949575,1152.9871447196,141.175148405045,18.2615047685428,283.304160301864,1169.88088691099,73.9610125863067,2332.53330736366,205.454127247954,0,5.90340826612879,72.5749217150872
3.6831899412262,2099.6925939097,243.778491415961,70.3589550092828,25.4063639794321,256.627437107294,484.874572218738,70.601439208926,2394.13855510716,207.690951464604,90,6.39264011591172,53.4891586718873
1.49319598796389,1997.21255466864,1010.78473662415,107.549456408651,17.3005393046688,322.532497868371,165.345448715281,72.7759301765559,2144.8917333815,160.115494585427,0,7.55738704756393,58.7326721661223
4.07469147209299,2143.72956994719,614.951506479419,91.1694213323418,24.9372315412893,251.83815115601,345.401171601088,70.8017490684793,2683.84398277756,325.303926040687,90,6.44696693271088,56.8228697281092
3.75154910858366,1835.87895053235,1335.94775535687,138.111327955561,23.4091913111064,281.845034227662,46.1404362737121,70.8544239079904,2602.45583096327,115.925478013073,90,5.86684999032742,56.2089262020315
1.04136336888449,2065.77962814723,270.340677338059,131.521390085773,25.0120639487807,338.319511983746,907.567108365695,71.16764732955,1709.20108683395,293.754456913458,90,4.35833912189074,69.8872143683577
3.61518140211176,1868.41263136988,800.349064032908,149.274563252657,21.7752731455617,282.265659520879,89.0740712924786,74.170087571078,2543.23690902203,156.385476165976,0,6.58312309746804,50.0520985620961
3.51568048650788,1937.65816864976,363.126654508367,89.3161382557187,23.0855151173992,246.305282548724,128.695518556673,65.9799904969735,2723.85570372487,247.964747870908,0,5.17772783717953,47.3577015169692
3.65466156756892,1895.64076445903,770.045513626985,124.175728593894,19.5673240443292,269.213368859828,379.355959432874,75.9673151525392,2732.39821928788,182.355768550716,90,6.63290218991181,55.3516361501663
2.31916633147187,1825.95249704412,901.708222353353,112.556322536653,20.4355565439295,278.428992850912,495.483404209641,72.3255877087822,2401.52231862469,128.471903855317,0,9.31246293139468,71.4878269316948
4.07245690389308,2011.65820420946,567.265176034762,88.9737654901851,21.376906058511,334.22649838017,263.845168361633,75.3096574326606,1837.49572655292,241.986694873213,0,8.70963756439571,66.634539607183
5.0402651707343,1951.74160310131,632.974268175971,108.571611076147,23.7955891643934,234.857805148137,506.04003147962,73.9200386531793,2645.78998882049,294.08808733385,0,13.378772113231,50.9341821139094
3.0420546365074,1877.88678447949,933.747872583583,129.821712547563,24.3518096688595,255.684944213535,191.970447598891,74.0068161724289,2336.32367227579,298.074355819963,90,5.8716793791053,56.8913118995629
3.37001537158726,2099.64553574248,1511.68184145459,112.750541223788,20.9895942234811,238.532446099258,709.878674214847,72.7763578612372,3616.42813607699,238.933699829784,90,4.53247001890544,68.3370552540245
1.51973197005261,1958.39399359717,547.410574779003,112.912108017281,23.18552881552,217.896467174033,776.788248290201,73.4938901118638,2657.94852322441,311.128214945515,90,4.18484189971471,50.1086449349256
1.79005703676926,2090.15172120519,354.926996556875,136.05648751973,20.8338552061818,298.220078294203,1.8940925058315,73.6134085494412,1661.49954899753,296.370695588326,90,9.05756743755876,68.2531988461838
1.30102504367318,2057.93919253743,939.859008839481,136.323974578022,23.3292718838398,292.625715602231,523.847248646196,69.3828660743641,2561.54464642705,219.321971333448,0,6.1461253214983,70.3554043303719
3.36008438871322,2014.30359529447,783.017997099461,58.0547671258525,20.7742485025137,257.148028519796,581.856096505873,75.4820758015332,2628.15587909189,213.519778134637,0,7.42151930462171,60.0487783288203
3.36084247651195,2012.87945172013,1128.78947043926,90.2255403240296,24.3737833312717,259.908897089985,589.664505554947,68.3145249764711,2793.78390140523,184.90872688294,0,6.54238004437517,46.2378863483155
2.86456811490405,2011.16498625893,1224.52654013392,115.639182257061,18.2182915125415,341.758887817852,969.003020166608,75.5682062502866,3248.09483617068,224.963194290823,90,6.01093400368425,60.0343989374232
2.34373768957918,1889.33453977158,420.57698115637,104.425867934601,24.2904981514292,289.808973455966,192.68638745137,69.0910158875692,2475.62708352184,230.56747212088,0,9.13837855002237,52.3643544540728
3.82806553777377,1871.69195172585,967.024611894111,107.003527154615,20.3599894709657,347.176484346484,14.8892674562285,68.6547240146876,2276.10345799309,170.411066967451,90,4.90756906905235,62.7355541028665
1.3047152445637,2033.8354769947,308.357686028968,58.2429326673307,22.1184285649849,250.897045989567,352.690478826283,71.860362502337,2823.01218854695,299.111906845669,90,8.58612044554976,57.3152473219534
4.23084247654169,2019.88791131335,474.483975685054,113.258674886986,21.7641216713166,272.121045543257,792.581517052392,73.0440162952101,2015.35444168731,181.862150625257,90,3.88166985541232,70.9038994483201
3.55701754385964,1930.0,889.0,129.0,21.25,300.0,380.0,75.0,1800.0,120.0,0,7.0,57.0
2.95079908167202,2084.92293173102,348.444604339463,130.265525463548,20.6705122189533,353.555833860581,308.757473333102,76.0605839028716,2130.39077509026,105.988138062338,90,4.5121330149803,70.8973694781022
2.42387567266603,1908.94060108184,530.228686361803,58.2624142792189,24.0735492275228,325.138687978497,456.90804669773,74.2443541741854,1890.50580698778,222.699487259763,90,10.0,47.0
3.99659238496625,2049.20253813551,1030.85614736508,113.838734287251,23.1937295654334,344.835161307266,791.400206091794,74.6288798425391,2420.06644593132,218.328458233605,0,5.96140792663036,57.3832325120216
2.70190974476437,2013.65619646381,758.731795276421,142.654124361502,20.6898321133651,343.066370204154,482.46434620939,72.3519392045819,3090.52451460951,180.548420825019,90,4.41073654157189,54.0463745228232
2.47298578889212,1968.19239369569,861.74314054006,119.23142118597,22.4831002740133,270.084329756394,639.549774807553,68.8804679619009,2661.09717026243,215.557148489834,0,1.69413674103014,69.2512420785638
2.55748596463855,1899.21350978414,1029.04028901253,94.6567675987464,17.2322016005483,259.487883012062,303.472252122981,72.4613906232719,2312.89028026509,180.32905511356,0,4.96203606275052,55.2607019884357
1.72284945355877,1984.4208503677,566.742616582257,105.275269076804,19.7572694083409,292.967973898256,105.769159580624,75.3980455241554,2263.70179592265,193.691291215312,90,10.3878698164387,68.4673062858489
2.88459247270865,1978.40895188948,1200.96164159022,160.177822781419,22.2200973690298,320.850106173487,407.5469253268,71.543910881116,2587.23198523237,165.01903592715,90,3.92992470728364,51.7838679497617
3.70684185306475,1819.45418137124,645.728833199677,181.032809196701,23.034720236516,257.559186724695,297.240823124206,68.3679661107234,2192.55901808774,214.912174120366,90,6.8293039821689,58.1651959230437
1.23554423633886,1850.47350961165,1159.93070726399,82.8654800946686,21.6887382367611,292.738119067289,611.405489429352,72.1215532955911,2190.46646845483,195.396895105882,90,9.07407166349872,41.2293275885694
2.49883043820173,2004.10194039008,631.019390384386,57.8159702199266,22.7390781769884,243.963944404841,732.451816906072,72.601549971144,1933.74039521604,231.068894157357,90,4.4969647950989,57.5366114529808
2.34402064212995,2096.71261306907,352.789412244728,88.1181964310518,24.7471755931804,282.366447557906,138.865950421665,79.161414067016,1036.85660535,191.863993171394,0,4.40913914637783,53.8957824667146
3.31124394921187,2076.66568579136,1089.48474478219,57.0057411401401,18.8472705881408,298.230819134943,198.270407666099,77.2429130675141,2931.63232307271,275.915786693093,90,6.02700621801196,76.3814507439509
2.90323292737262,2013.10096744338,784.799212603952,114.294480866281,21.9498344885731,213.654635623191,252.957779171733,76.8099499276004,3031.7343898901,277.279707712679,0,2.51170408804781,56.2709495523932
3.03769653238254,1928.47142001276,1171.23121783323,82.892371068426,20.6780699718499,317.269938187029,200.984977494294,71.2950435617078,1929.64682049851,300.74949337712,0,6.37079777894316,52.4223625378535
2.72133101860261,2006.43117479949,1135.88604253318,76.1388744184156,23.594098277489,262.064344650352,873.237891199839,73.1612268755751,2365.11367762949,162.583903248181,0,6.57460597315956,35.0798651563832
3.97638181531447,2052.02888996154,814.842959974521,110.689774570198,21.9326196341609,351.771501530486,1012.29294405223,70.8664579591204,3372.77111362151,192.457518327456,90,7.85905581924396,64.3582457020431
3.60326186676705,1998.70900501128,760.88131094116,125.495521298885,25.9067813199933,263.805110845657,378.020970252597,73.5950826812427,3249.85626072543,171.711492918593,90,4.94525490270938,51.9452789422698
2.65635731982539,2059.63938432621,914.508235962772,152.474607985897,24.4297494441377,353.806349388081,710.848687225646,73.2647345441651,2354.83059851047,208.378508005482,90,4.60344642812446,54.4693807047154
2.55712690723416,2055.14348885412,522.492490021996,75.5366070213862,19.7171574987045,324.006847845912,554.229321706291,72.8255244226183,2855.40180080355,184.383824641609,90,6.43265707592018,55.3836537338679
2.74491922169687,1993.3769406574,543.212125199338,98.3211033478243,23.9962586963304,296.06496914141,822.988891254362,74.5222658649109,2556.77068319187,227.785705234888,90,7.89333515816582,55.0383570111608
4.38838240451071,1940.08697160775,781.878612508288,102.062367765268,24.1438414997803,287.281300253178,504.031526117328,76.206851695059,2235.57004882521,267.567175055367,0,6.51656922492881,37.7628969354659
1.57159872231557,1937.86514951183,536.066317576159,125.981637031771,23.1375412270447,294.887244883753,569.16805844269,71.7380337400503,2489.10204780639,179.125996828538,90,9.84516813523911,57.4439547842589
2.51684906841337,1954.98198852573,710.407173213753,89.6923668988838,22.1488600221478,313.56619638842,759.418048666166,74.322191361958,2558.87538970422,183.17770734771,0,3.19421502194393,70.182557109299
2.54353934256161,1949.42325021911,366.753803988527,71.1687979242014,23.5543900031144,218.560835636096,793.018651657322,73.0177703609138,2166.32240710173,208.483085890784,0,11.5026462064631,54.5908676337653
3.13325294715843,1987.3113726615,749.086041364349,70.6828274086718,22.407308790178,307.698213331328,399.313683509128,73.9093830357688,1188.30741806356,150.144485209999,90,4.69244084446326,50.8585415124605
3.39995967054213,1945.98731953711,650.249397487476,108.599976269942,17.0468955088094,232.605853320641,66.298831692512,71.5973432287607,2521.71617893819,151.185022984369,90,5.26385071873264,70.8284749403158
2.9061565696734,1930.3896058506,840.860747628852,91.9958802881725,21.3837146387834,304.671154721975,855.00239367772,76.6924881939169,1978.77696978205,326.086733977222,90,3.16341850734658,49.4682920808852
2.79136649663162,1912.90758255754,517.209555412141,94.0280956480272,17.3539845977693,274.541536375087,686.615348565907,72.2913745620455,1739.13829602763,168.067797233876,90,10.9456139522821,66.7229984410698
2.25445212233129,1918.50538751316,923.222626222902,102.856973313539,21.7783247337358,304.152922836125,99.3725534656028,76.666929719014,2821.64361324968,189.650865923104,0,6.70806162112698,41.9844680738332
2.1773063890866,2104.05468878996,925.331575224597,92.6180114407155,15.6958938036288,298.930149840689,1067.89846993744,69.4094535358984,2825.42747396852,218.946348175809,0,7.06469220488679,70.0927279531398
1.58445257304785,2050.5830505367,486.635728643964,136.187796376141,23.1841649738714,234.019507283366,1040.46664469543,70.7065321294924,2510.79287909474,132.378179081459,0,6.96869759357812,61.2898015181745
2.16721723253188,2021.81098318314,315.23185730624,95.6416772725609,19.431257778407,258.370168527495,131.981649001476,73.3539309385746,2494.2142265088,284.183922179704,0,5.13632543022061,42.3230856221015
2.7265671040555,2123.46116495855,1338.8808310575,72.6604137091775,21.9823266344102,223.985566376606,277.093362740313,72.9584158205131,2298.07683207066,167.165626618232,90,6.98343641600619,54.9041216673739
4.30189057317944,2050.00670041107,1137.89238274669,136.038192894754,22.5003888323295,275.196920658639,1230.46521434162,76.5708280316955,2584.35963955059,187.878351915442,90,10.1545905062961,63.1951560402044
2.76315892359089,1910.8525778044,829.656066645604,122.112128782529,21.1777461070146,295.270984388032,430.682376153857,70.577166053484,2203.58113232471,276.539615628118,0,7.15088553540804,48.315935564454
1.76510678239975,2116.80050259307,850.754127739587,108.868966184371,25.1605411351084,354.183156400222,727.081897467857,76.4453867299206,2441.19003246916,201.081697345518,90,2.88971547841287,66.2592544820958
2.58486467298177,1967.0192732383,367.089511057966,119.76830245303,19.1222629620212,253.583505145684,62.3445215943145,73.7583683451446,2861.17406961237,202.292687822019,0,1.49210662554395,42.2389415041878
1.53868639557829,1965.4427568684,331.070665719027,99.8799422770877,17.4548496525571,299.605195037928,351.105767656628,76.5364861869402,2072.87078416621,234.335085667312,90,11.649870840602,62.1097436919659
2.35990021305925,1958.08204161438,601.979356744919,79.9528548988136,20.6768640322801,276.19809633449,673.154598669884,74.555396936876,2604.61649802334,140.501979095231,0,7.95615445438428,53.9241119110177
3.97695600305498,1957.16117426935,842.692681379408,97.5736512810374,22.1302835638538,263.032502777312,184.476636381599,73.6677940129433,2935.10222904158,217.20974345729,0,11.8541259171825,61.2388621249552
2.21786865226637,2076.52257110167,177.232913095392,76.9468750349101,21.037842462363,307.301226957021,712.637196752993,73.9829656492856,2114.773149935,189.484400535253,0,5.53703207263677,66.8485361234487
3.03726420700789,1816.1077159988,1098.63365512201,143.187762079868,25.8775194671932,295.978698503959,375.591359617749,72.8142652994339,2947.47667111143,196.914575928603,0,10.3216277867475,53.6044788418296
3.00742544407837,1810.47122528258,1033.78549582575,148.849767955492,18.8042366959351,266.281712555203,721.959845241178,74.1448162068264,2836.91203800934,254.566416111963,0,6.35901018037052,57.695460925158
3.77119472532333,1966.42885485816,861.820421320965,108.353708707844,18.628565575915,337.605398153037,460.772122486966,71.4489821752645,2278.27812344322,222.605916904746,0,3.64099129821248,65.3259115931839
3.75861775017722,2076.60152563208,988.252271837494,109.208157312148,20.2554391482201,238.960295094274,106.768278050403,72.0877945837124,2919.91604011849,132.867206545723,0,5.19765003474665,61.43612220892
3.65557389993471,1926.73633086224,498.596428728265,123.15980357237,20.1739820505022,285.137385347081,826.664274385662,75.6916918771116,2686.60127870777,130.780070713764,90,7.77383926330114,65.7506795819339
2.45008819155668,1915.06234238616,643.781000466272,82.1776290550825,20.73627595455,269.025500403513,86.6464950470928,66.8822194582642,1250.39280220501,202.762807145059,90,2.638171913501,53.7655675176537
0.827015715774293,1920.05131263143,753.465776681233,106.790624965305,21.2037693802806,270.244342343663,260.479216141482,74.9954394776723,1646.22059241222,188.628412712455,90,6.23199220587143,59.23905249138
1.79713306901423,1961.00183016849,664.231175619486,96.4887298289935,25.1526217035573,279.33229849339,705.789808567552,74.7337036467004,2380.25856291974,245.542317366309,90,7.23154214925612,66.9344010987036
4.69954982174093,1961.76529116029,142.242468325576,145.848752564249,21.7625976716586,319.203938563782,610.236056499476,72.6489160967519,2253.68414451205,191.213356072714,90,2.80562761893594,53.7919491894979
1.74645787079316,1885.72400423631,686.269535088261,106.704606483918,20.5755939753209,263.362796456392,182.225521251225,77.0948951164973,2364.796770099,256.283234828863,0,4.92960337110031,38.2857062993035
2.06623647147797,1873.79745611151,399.257117128888,79.4739428474672,18.645656542258,295.886960825296,197.252269138606,78.9357570788605,2560.10802682985,311.257397467446,90,6.29392161151098,58.8297475014026
0.551508498220943,1934.55567019762,470.619154541435,119.503474295132,23.0951872039512,332.123415270693,396.847567821517,73.7976177273383,2687.99591901099,166.087941701251,0,8.7498522169719,47.1763453691266
3.44965957831086,2001.34908881001,765.600746638067,122.411320792768,20.9473321597955,272.137417992282,938.536392419275,72.9143070596265,2056.86501262586,136.698387847989,90,7.27544902069999,65.2601397300714
2.68778923813409,1903.10284371422,338.78944897477,106.713852364003,23.5551290758465,289.800991934652,260.012081690336,73.6825676538807,2261.91747157329,174.858975493684,90,8.28395441020827,62.9794705353969
1.3974674055805,2005.50204957675,755.383225116682,88.5364967852705,23.8645608566138,245.543354148624,264.28150460877,80.6914987606708,2404.06892149327,184.661638545593,90,4.38596434650934,59.48508288163
4.90268576402151,2039.95817811781,241.163307007366,116.071311605685,20.4691819593705,267.642008709387,640.050776652036,67.8306559406844,1906.93410724749,256.78442821219,90,10.0586302368589,63.3332567672526
2.36749513759979,1926.59650257714,932.803560417206,86.7776522795702,24.8101878570824,272.239212540433,267.140817459791,74.8686842161815,2883.63649664983,271.913715585776,0,6.37817779153922,46.0768937816108
2.77071998119353,1887.28824437052,1192.34481346657,122.378494503991,24.5209939613693,306.206027983929,668.451348313839,72.9761240870042,1493.80133507918,180.644373568647,90,8.24437041585062,49.244695196556
2.99337551649348,1995.38519714658,1284.27293175892,86.8236801668628,20.9707152456549,286.485704899882,421.111176949176,70.9056981091773,2777.33376133002,191.977726037398,90,6.86068745700885,62.0325795149964
3.68803694251934,1931.37817551887,489.640831335109,159.62912967926,20.3315338868225,281.534696283866,425.715664156959,69.0925193738508,3064.37516084972,292.737251514859,90,7.76367437977347,48.8656210033252
2.72173293377809,2011.75906759825,73.7584692154212,81.0616827369888,20.6074598526446,305.212446200376,696.309114521802,67.5009947253728,1949.60119355639,243.832704655838,90,6.26025528618119,54.9325422529635
1.71639711577319,1960.57504247071,331.696471308004,93.8675452078842,25.0828231610905,240.242783044569,692.271085468403,74.6101839685841,1872.70025934369,245.025217797269,90,4.7893670491265,51.7339873265043
3.35944155034651,2045.0996433354,316.200068684055,122.610841547023,23.9806065214382,306.560797370064,372.352653615736,71.9244947829536,2258.47960018718,234.030170634651,90,9.57082373665043,64.6220015067002
1.94126973060721,2117.18210788108,466.905959552872,138.076276770799,26.0807900172316,332.393463674661,282.576468337991,69.0842355823832,2781.38615666306,296.901680961583,90,6.62577945697068,59.5221863789873
2.72881590512848,2075.89898887948,893.887157794497,134.850126249287,20.1637352099387,303.930764182421,271.669942573189,72.6233842105406,3003.33557928223,354.958087826237,0,9.16070548250012,84.3107653834605
3.10691362072855,1936.79010869385,522.757003239236,112.08709498724,18.9087702604981,246.180561774843,409.909361018609,73.5431284824281,2198.53681493761,254.15415427789,90,6.75656454555798,60.0640186245533
3.91676005666979,2127.02603677668,1050.93197617982,102.789010246437,18.7333290508163,262.873762684375,14.4969642092648,77.7933951924023,2083.17697734971,303.094659199122,0,12.6789272796874,51.0793335218397
1.79860525853498,2012.65204357534,597.620504161408,57.9497800545227,25.3902830373374,350.571319621344,696.921023622964,71.1422551124114,2816.04128103076,227.924477322423,0,7.04354372752082,55.6620702695111
2.62404527795353,1914.49345836041,754.479102141619,143.016076088522,25.8975797423669,288.343742359926,716.929497294131,76.3712676428922,2468.49161140629,173.150018561555,90,5.73529958018795,63.9508946615109
2.3926427371869,1928.29261774465,280.722588640796,97.5832610317567,17.8725871829012,288.044440777829,71.0201098342647,75.9348067424616,2708.62901184142,314.309798792557,0,1.25454575282332,63.1041273608927
2.91988882419338,1910.93143389072,556.7891489243,136.628657148349,21.5931747131841,323.796315773368,339.273301960956,68.1875086837908,2331.69191215819,189.329207738759,0,4.37830659592764,84.1327782307252
2.16342946040918,2025.64822865458,741.839895223408,137.983837232079,21.1185247330352,246.473025828569,220.865844427449,71.7727896849631,2067.18600034917,265.096740452604,90,6.26006719859049,50.7350524560755
1.7198142670887,2056.61632257253,1546.29088574472,126.109863496862,21.9509309749239,270.407471207379,633.390972743466,71.337571994941,2811.00598347819,200.116156080474,0,1.97076439851024,67.0569955726275
3.49995906415608,1907.21951404918,1075.79671169725,85.6718882608479,19.1171455617233,348.474826501678,710.731935513512,70.1490792647953,2502.03837483128,337.782808161091,90,10.0305053253418,67.9713450151938
2.75099835426947,2062.14396533118,405.974022763949,104.992164529617,21.6688406439926,268.465153259183,6.98669292698787,74.0823199709189,2685.67616307505,154.908808857249,90,5.80201561781972,69.435662647672
3.6816866740839,2160.75143947764,478.89981885244,129.734676536631,18.8527548250627,289.374576991046,464.162460321158,72.3314064001038,2441.35964493795,306.123709666222,90,4.30410159658056,47.3157828377616
3.27295814697775,2033.50237117001,622.501796793875,91.0709593455733,21.4538700756198,260.824889295438,395.170693252719,78.9144811772976,2553.61583104903,223.887246173341,0,6.8185468163481,63.078186210612
1.58043273947649,2038.28940901582,767.897075260899,83.1915527065056,25.6276204653816,249.612302624391,774.578472938921,71.2794181199793,2768.83908497951,266.956744503167,90,2.75110107988062,63.6817446946446
0.875457630981136,2021.35491833746,844.593735273231,79.1994038906579,23.1123726390785,251.490126423913,6.77925525877907,72.0986154359617,2793.11536442343,143.908878645263,90,4.99414321868215,60.9035305674703
3.14963795434901,1940.8756164556,813.50517768526,108.267127587619,23.6555771932398,270.778521072778,799.826151276751,71.7021954563054,2683.71834814786,138.241716759865,90,7.62892325046654,52.4882653149483
3.66894427245532,1982.69648444695,354.752402143778,94.9952449276288,22.9343007681468,319.603443432024,301.836280058546,73.6978284576263,2102.62072494521,223.397881172835,90,6.27284457394808,47.3224372105041
2.7594147091539,1880.68219870774,1323.93403825468,72.1819854684613,26.274308527826,319.71605678375,120.31902197844,71.78072473188,2699.85103593987,267.102907081137,90,7.69483295522278,56.3647486097256
4.1317371439897,1986.9445606882,848.427446156223,113.274521191489,21.4608088069655,352.468941123471,396.741073788963,71.1693999782754,2427.56268779948,334.882068372288,0,10.8729401578873,76.9455805453256
2.86254459848988,2035.52388501827,1181.57581885597,121.643830133234,24.1046296407089,256.717503912745,778.025363953563,69.2928470749195,2374.63881268407,157.93357561183,90,5.82032768134442,64.9730914181812
4.94494720498953,2135.6016504848,871.465974728183,89.0145872591226,23.613367989367,198.172640646344,229.892132597442,69.0488803010397,3043.74751332777,281.118269246341,90,10.883420902419,67.2314045787502
3.32472961207801,2011.50600813221,1201.38263064831,101.010693836557,19.4255131645849,301.276019901729,262.312828228567,75.3365324964291,1865.68883267422,154.818884021121,0,7.37652041304568,64.4622078818391
2.9063831072381,2013.08305854576,989.043793334154,108.013185102604,22.3706574044667,258.99190501573,32.8634545174559,71.1461352689486,3654.43435901371,298.092880267759,0,7.18130775185912,50.3484424928007
3.19328421160331,1991.95100360328,708.004355149575,136.919893028411,19.6044860356345,271.752071743883,553.977582747035,75.1513397058491,2604.90030806815,184.000653881089,90,7.55053766880066,55.8504288865234
3.96163268822626,1986.52564733913,605.032639576079,109.180479169777,23.3043098286107,304.346690286728,367.982345678449,77.3363073804463,2538.10629895344,199.000737515323,90,10.3706076775882,62.7356783941924
2.62259442686619,1961.55007574837,1490.32011533303,122.23362954651,24.4767983514767,332.383999866888,534.070328777067,71.5315212994143,2616.11433144791,111.265918999552,90,3.98352026156915,46.4274627853205
2.48316827952383,1949.48023176551,610.664035227843,99.7907867091082,22.0708784849936,364.341246989237,696.886542407225,73.4980931237715,3052.43019373166,313.982344540725,0,5.30123201437681,51.2739888785012
4.62088679026223,2017.04009425179,1050.53597111026,114.644485091859,23.7454951641051,252.147541311932,701.842768505111,80.0187775340126,2170.596710262,232.531076260056,0,7.25991062634658,53.4155992660379
2.10397224511413,1900.22185220257,416.02424005696,120.934372527529,21.2925988067,304.935362656874,28.2211526777051,73.4485395966765,2765.54715334095,259.9164729258,0,4.99473022512686,54.3342271309164
2.53195651642965,1919.05627600662,400.710372417708,58.2618736245758,19.8754425042786,286.139430280925,177.579904208385,78.9148967192665,2804.35877584481,216.774102458507,90,5.3174278360187,72.460194492003
2.3162346616879,1961.47615941346,949.119634289361,92.4836189344448,24.0340107701071,278.655903489289,431.17443071328,77.190451928384,2751.23567083385,221.839204233386,90,5.95011780858882,67.2750230865973
1.94066274797628,1973.86720132354,229.112346786155,123.308874273479,22.5660692596665,291.028253346298,655.775885823669,69.8672602732694,2135.92172415577,246.585103826782,0,9.93827967049704,46.0147226389996
2.12442441094041,1970.72635217135,546.816050904915,167.744937309813,20.3261743415165,274.433959229448,351.0296589227,74.4458914237412,2723.281123489,256.112081470078,0,4.89433493927083,42.2204039212825
1.37227639853681,1966.47226507313,777.775560650751,117.786370273943,21.3443634257426,291.856611859932,1072.48959775731,70.4389214730807,2566.4641369653,198.095265127672,90,8.94899543815317,61.5439493626017
1.80704590365679,2063.47122096296,1017.42657126104,171.536327463943,23.4577876167957,277.337195495835,21.7587242130227,74.7188322682974,1930.684450444,269.976412984382,90,4.85183237373519,77.6371988474463
2.64395785933295,1927.7588046777,797.667501781703,150.358604524574,26.1107313028722,271.489290048564,354.68189253135,70.5944613545512,2462.70968319224,224.099800096223,90,2.04277179329127,64.5174574283091
1.77938234022054,1848.84271883396,819.309757115425,106.03512244686,23.3348353837817,278.021379414419,296.688468851945,72.9974676314615,2298.98570032144,267.948692904773,90,8.58237192246992,53.3173239522147
1.86287517404209,1993.66257545344,102.490024561873,142.797270934852,24.1542248166084,354.89007357627,26.0539407170696,74.5537264369165,2100.60273236426,211.743889594013,90,6.75942362013641,60.8886203448683
2.54774575344225,1980.85499665504,728.348279070176,112.169653762638,23.0215867230004,307.818626850202,1133.44794057603,73.6899970800352,2859.46492693206,162.772501179589,90,7.62025547291035,47.0662066643826
3.30286941189288,1926.49673145409,698.938816591319,121.662803866473,20.5768978655614,315.027783888453,664.306905467259,73.9461076390609,3313.82191539197,186.528622013447,90,9.07634203553005,59.9399444690916
3.36714702727566,2055.12097652143,713.015026111458,135.284461066426,19.35065051659,293.730344462484,854.600528313625,73.8733619521054,2133.7231723189,276.821240113502,90,2.59242635651019,39.3389767010898
3.07329695001195,1920.88188993096,783.077060134261,130.163998058394,24.2351560473297,319.182157391663,239.535318966662,73.1518938017318,2697.69896835686,181.319235744807,90,3.85141994264866,53.5827614707469
3.18997056591394,2019.70605519878,1102.29658843061,167.194047807929,18.4372706829185,346.658338681201,143.236947550481,67.6264155771523,1985.26450834822,199.399819027813,90,7.34365125486589,61.0016569216573
1.9809394983085,2001.57742131491,360.813563032947,112.326771560443,26.7642752640479,350.858753657461,338.264579583719,72.9885954762473,1927.16476811804,230.738121377475,90,6.70087314357801,51.9515577383834
2.57699739843279,2012.50414108424,303.957981260384,105.604954423325,21.930317064327,292.175064819392,545.141834991774,76.6638272401373,2462.97634532671,214.832138650315,90,7.5903501332282,56.20416382074
3.85619938666169,1943.58151509186,368.262113161297,135.136487355985,20.1657384839464,329.662061046254,588.809291863093,71.8664882883699,2536.10875513825,285.048536966765,90,5.1557586659119,63.9941439318553
3.4348251576456,1894.12093807637,731.026204688581,93.0954739070986,21.5323410702281,314.761618463189,562.08614616264,77.2564151960791,2658.73027249085,175.156317421061,90,11.0789219960315,60.5326183680543
4.45711998805819,2017.20441780194,980.189230193403,99.675032793115,25.7224493200724,292.101684786064,300.260202408651,73.7828278686362,2546.35196236238,192.158907636717,0,4.76422910020487,70.4951579039806
4.44721711782606,1975.49335830678,715.954628156948,144.363995554261,18.4439243522737,380.452874556623,928.453715294576,67.4514896963158,2413.83696011115,301.309321650317,0,4.13464031372281,47.4078524729647
2.64312449613885,1988.09899876597,1097.24489912719,86.5105947331803,23.3374615378044,275.650034084794,274.154374191967,73.8976949252246,2339.86951124944,243.579226870928,90,10.8532421364426,54.1938980120752
2.77697872335031,2021.52757718817,871.946044110541,107.029915367572,20.3880962124326,295.535487558401,318.878272097613,72.2051823872737,2498.54464949146,216.639016629297,0,6.78177129262326,43.3376523851467
3.50861455442783,2036.97939335159,653.61134750224,165.685912377656,23.1701844521969,301.732089054042,127.348409626923,71.8131875110773,2423.28027354009,210.332517737868,0,4.90788685356196,48.0357478583773
3.24761721067416,1813.23459997756,757.874478991465,81.3798708371328,23.4224652380694,279.080157491732,575.062857120828,69.341132877179,3188.13635771731,252.87056880778,90,9.0,70.0
2.86654966611868,2007.32380679949,310.849518264975,87.7150961327928,21.1846735658483,306.926694941308,377.30825202929,79.7449121912776,2097.42451294041,207.327523970367,90,6.80636570246087,57.2863442298907
3.61849795086677,2037.62396846324,1109.15764693759,133.499648910394,21.5730728840487,346.824340422875,560.432685379307,77.5080453422483,2607.25931068559,230.788904526266,0,4.40973993286395,75.6278356147672
2.76595209159655,1962.81506291795,450.162903887666,96.7749281096423,24.0177975869333,321.824504618388,105.594833184315,73.1964633528916,3694.29804445508,224.098212654945,90,3.63698330250497,61.3229796953387
3.02451675879736,1982.26920630766,692.901101541073,72.2542696658214,25.4563618363588,221.818418828537,406.606913691542,77.1527666411263,2213.67460311126,230.014020221144,90,7.52064518002759,66.6188482449046
2.80198972535197,2041.27521272873,587.064755750982,114.730452639124,22.4636836478149,331.026024881571,870.242359853503,69.303446006491,2259.78426931352,221.240009615879,90,6.50642131065733,62.6612686291071
4.48753784478679,2038.19418562442,790.210119138377,105.304124861153,19.848828351876,270.679400359966,451.309770399181,77.0615545854733,1851.18655633,240.185214550028,90,8.09429249220233,64.7987833323335
2.69593711112798,1993.54432805003,402.032451927767,131.532947218421,25.275126776986,338.463812664068,819.961314463628,74.9777226556036,2120.96891297221,311.066776543553,90,7.41075819549902,50.5688783889816
3.49587999429255,2031.8003083426,1428.65913883807,105.107136308275,20.2193682381564,292.471640863557,590.760719568205,79.8286463588437,2446.72477760374,274.013340820627,90,8.88455410213644,56.0155940073066
3.83340522231327,1921.91763949269,1343.60086748877,126.919151502633,21.2453708727899,303.842913915158,49.9757613999169,70.6786915021356,3077.86939648801,208.929445658,0,11.8917707306285,49.3616832089576
1.77916381518791,1879.52864752934,27.6750561105976,122.049385100496,21.0544422099347,187.977964574483,493.209488452774,68.6233721102488,2686.51199337203,251.900600881077,90,11.3127243322909,66.0865948029451
3.1885976777302,1858.28291319591,995.332550901245,146.52639470911,22.77429994688,334.741101973024,193.218568241109,74.3702332191825,2429.68774148181,240.321953806529,0,6.42269110631939,62.6794196284184
2.78113974320323,1886.69437786463,700.114257043838,120.821629841018,19.8932324073138,327.35402073923,700.357596301458,77.2541947774506,3041.4739553222,327.888890068724,90,8.06726771618235,54.2966000163859
2.9087868064642,2051.02963592021,620.951074779539,57.1055225844318,22.2551186596795,254.922843274816,1238.47641579793,75.9100609939125,2246.15785865178,216.444806114826,90,8.12080060524018,63.980008028175
2.98566074838101,1977.11268046194,764.162858812894,118.70128772284,19.545168686511,288.919534475008,521.682902930698,74.9282473739222,1955.43788700419,291.125378877938,90,6.93053823619134,47.9892491046354
3.09641905776173,2040.22987032899,536.663038682339,168.536508787258,19.4173483065318,329.517248367669,1288.69184423448,69.3671786147789,1831.3622924764,246.666401106841,0,9.47598628941466,80.8101069586927
2.57904694880484,1968.41936244657,881.889312521482,158.205289785991,20.9775610569351,290.024578920832,539.223505125814,72.3133422013974,2882.89580267322,172.855703744114,90,8.30723526963149,62.2023085103011
4.2351501090443,1896.98971476339,640.102357244799,99.2895844756071,20.6602669930105,319.489832926769,997.841227133894,76.0245891321772,3285.89143029583,273.869925533357,90,3.98220448126868,50.2736321704518
3.58524815285801,2112.32953886437,1271.23926501723,119.336239909237,21.7927287413181,323.487490831899,644.567370671948,70.8709048626772,1446.95797979957,196.770962334885,0,8.11427630290557,49.0640656169103
3.37748875752031,1938.1873280028,1040.27540101774,73.5161617462415,27.6337424773947,300.816716535508,673.99555989788,70.2876479347479,3325.80413601582,234.590013619283,90,4.39725385721493,42.6735349744305
2.2745922973742,2036.6695359164,734.164678625521,93.2925291064061,21.1584387789139,308.050784022527,530.889912696371,69.3385407082017,2465.32210955594,240.131490153939,0,3.42554681102366,39.6537892557428
3.27283977860338,1969.04480105737,616.846433096453,109.1171292778,19.3839785851738,306.16022714463,843.154256652464,70.1343870080189,2715.83446137969,219.350695502092,90,4.9660527969678,61.4112456362627
4.414415885743,1901.58600916322,1000.28928797415,98.2440886944349,24.4810280149589,288.401848717052,399.870133594086,81.203146720828,2371.29924156915,251.359279309344,0,2.51164667678091,75.3482750285423
2.77133105802047,2030.0,753.0,111.86,22.2678571428571,284.615384615384,210.0,70.0,3000.0,220.0,0,5.0,57.0
3.62804953026881,1883.80491492748,135.1884777796,111.486477982027,22.1876191885964,273.601526295814,849.299977758851,71.9157804054792,2837.76452874986,295.232109990375,90,8.30144001066107,43.7074024421159
2.61267733425244,1840.44123715418,1230.18637322682,149.762393077023,22.9814311293451,220.551372116231,1166.62892533164,70.664070498894,2293.75427459779,268.016122016762,90,5.87618343179964,40.1809109264255
2.15067956523653,1977.58629007727,837.177638706585,110.254769912433,21.1097511491494,285.896812331237,111.378551529127,71.6063397938406,3295.93556468041,279.153338223654,90,7.24381031357827,59.824602326901
2.54747768595707,1923.7625946268,597.14151688518,130.656141925819,21.8458647664889,328.386304756797,611.326829460276,78.1492314517094,3495.23996888246,251.450925190292,90,6.37401990751989,56.3321026563849
2.8966336310375,1900.64207190611,588.96528945039,143.622701915619,21.5023515340744,241.725951021061,379.621121115397,74.3294233472031,2643.07384946739,282.633898264905,90,8.22521988590794,60.4094195162836
2.40757078739447,1936.1092483557,807.414386996657,122.749080229218,23.5647829062408,248.132367449544,930.695170216577,71.9301438734251,2159.55414189077,138.219874421239,90,6.02451955176776,49.6312227230499
3.90848722830266,1884.65392434185,653.633216765051,121.668580926876,24.431550223568,259.224490902818,207.349081237736,70.0052480028321,2728.18325754993,189.647509224439,90,3.33776276124025,50.5477959375185
1.08539898842687,1845.73908690171,676.621615357228,95.3751956780754,19.3198437189847,313.184981458957,628.368772907952,78.8958259347428,3409.52574149795,175.767918882016,90,7.06878134475064,64.5528285133362
2.14855771403367,1978.55316047838,905.115295785839,144.160097753681,21.0156185020504,313.02346719827,355.291453474395,69.5606356074802,3277.66085324609,175.901628041114,0,1.45037472772178,54.9889347528826
2.39861211618131,1986.168146378,1014.9944216197,89.4451779769872,22.7107253257495,293.617654718534,531.150642656115,70.3073266087311,2256.85842272096,262.072287222785,90,7.18418358631983,67.0526278753125
3.67613707913089,2025.27510309466,1125.398768228,114.707994280703,20.5543123089679,179.37439137039,432.658722871162,75.9997011027841,2429.38600921635,347.312718375739,90,7.06529510940438,51.1437657649381
2.34397878112041,1958.91769590751,704.482014948865,125.074465206372,23.0846459526592,219.209049733779,225.408455200153,75.6756570431798,2072.36589915724,200.953677791455,90,4.35870176410975,54.8102466154065
3.94061948712861,1964.78061623645,443.924975737792,84.3376352942938,20.057060806399,262.470547526478,334.700978120372,78.0716510274565,2174.61538963401,255.304190738857,0,6.90456186270845,58.5232469512333
2.18509276493258,2048.40077209327,564.665126431121,158.535067336495,24.8827556027686,302.409267432594,449.089802016741,72.8953735793999,1863.51545692159,194.521977848331,0,8.64843080124783,41.0917492201868
1.29816724555935,1984.51137289759,1405.78682165894,130.942797937247,21.8292399010645,288.95209880887,161.007718499953,74.6809132551444,2526.81425574501,228.867719644237,0,8.94689112067868,72.0845940916646
3.27708698694618,2010.04701192391,339.550422757456,67.4989930617371,24.2806090209505,254.949083669843,117.535234207925,67.4787066266392,2462.60538586832,207.018581295981,90,9.0,47.0
2.15940618968847,2014.64622915049,974.189158579462,104.042877171456,24.1416532419941,296.632506515909,667.781435585839,74.7855784214721,2316.11670717237,219.179154624881,90,5.50320923620544,59.222918977618
1.49768768311121,1990.00847831283,888.516936886236,80.9223747802745,17.9243288258905,233.130738319706,440.007001381777,70.8607361511272,1841.00440947042,244.715216712321,90,5.73174848507734,58.8721005700612
4.03990994107588,2078.51024565573,946.559442872155,121.382364696054,20.5432749560934,354.235087842541,309.790443533539,69.0679516189982,2437.50537004436,188.2655733368,0,11.1373445335983,37.4072791223082
2.97062900262539,2060.75616969417,387.02728024077,45.863125728138,21.3443710579746,305.480408850932,370.045299389798,77.3616410320201,2471.32329603004,257.495622041341,0,6.69783832008661,64.7980203031668
3.3055354218421,1917.90750636706,478.286247339653,105.786929571358,17.8740999097888,328.15457946162,526.692159405927,72.3457087941471,3059.03299121234,275.5758795221,90,5.0,70.0
1.58311750958059,1898.69977057368,855.344422850385,81.2929659379334,18.4351990219411,338.136721205439,488.422156272462,79.5687814095852,2429.61935645003,295.745179660009,90,3.49874491929842,50.4557099992698
2.06630120608491,2044.37464094083,435.555685956355,158.56160848602,20.6256575782054,270.275409320129,641.592129173017,74.5572078867107,1325.30174699912,151.682036840327,0,6.85131597512712,45.1484000603226
3.29826794589383,2047.14145579741,480.393709538503,144.191752529757,22.7054335089932,259.198931433637,128.26565345609,73.1195515593861,3337.69056283461,153.508694374265,0,5.03008457039816,47.4308949452294
3.75012486327703,2053.16986588372,692.126622633667,137.03738170797,22.1929031768555,321.731010846492,510.899266440556,72.9505727452493,2375.84474210433,266.368787505177,90,8.29287837522209,62.2314883795477
2.28613186920205,1905.90426216995,859.607273908406,77.0603725573023,22.0013220005423,249.849397850872,500.767655416977,76.020967610524,2306.2833977867,355.758696828217,0,3.71113954142412,53.1120737797536
3.34190234918926,1855.9896817377,718.942243919944,139.771326725155,21.2132651936115,270.017185470077,549.105258687714,70.2610531914888,1996.02517431509,164.099310524601,0,7.82335240831164,60.371372018028
3.8587553784857,2053.29281408237,985.791211879963,59.207282929368,22.4039115727367,299.670864956743,432.572807375126,74.8379666511222,2057.49321272334,143.693207045878,90,0.305722603083825,73.3898378107726
1.06733867933187,1964.28820459558,349.326631988292,107.28838319616,19.988543566934,223.449061133861,62.7350258826891,73.269940651729,2269.07008545932,226.838665854497,0,3.98685883460154,57.3419198469929
3.88584583313566,1945.26317683752,846.764369215622,128.163422603901,24.0931621250296,316.790835334395,236.285721188915,74.4547940467205,2855.13101641105,221.939702098419,0,11.6961598332095,64.4091601241695
1.96388234987812,1941.75569538602,976.003270266533,97.0682953950219,19.7478221778379,242.523325163283,379.679870306163,71.3682118686789,2437.94331700001,190.126236811779,0,4.64595799788816,74.8989540869244
2.09774644082955,2019.06596565285,1081.41266004272,135.949276438419,21.4973031317718,362.877362326566,34.4889064368429,74.2967008623467,2860.2709609966,186.555661741722,0,6.2811496770177,72.2928799487037
1.70933281587983,1874.00565159877,331.636985645773,142.316245353741,24.1447212905039,189.867077705651,707.035632969551,71.9600173775819,2557.65568128258,243.873385420038,90,6.12755452635683,54.4347517359274
2.84824967903826,1963.86646687557,1079.95172457301,138.873674524205,22.8336445948436,294.494094692645,56.1403340229091,68.7020387100913,2655.46086278527,236.30888485571,0,7.17472788121551,49.1606360993855
4.40565145906153,1961.30624429848,331.65010666975,100.397741653709,21.6679934982585,340.049055840772,214.787629853138,79.5764641904797,2710.7597767684,246.404685967936,90,4.84383136130842,40.7343588493013
2.69918757744954,2039.34418038304,2.4369087535075,116.365765938638,24.9217185237272,223.057932044257,697.411809034184,71.9793217356437,2657.64529765532,187.868788625693,0,4.59061814588017,50.3285626262176
3.99079390669809,2018.23121254874,710.831425583906,101.903835781668,21.1955266117183,227.56410440719,700.659836565025,73.5504330910946,2647.58805816724,239.096087030215,90,10.3873810802504,52.7616788817242
1.59140302161411,2041.44045551129,60.4748890222845,91.382593273786,20.1370526437683,267.182883812422,912.034153702948,75.5167240769865,3394.70721324427,256.22236923259,90,11.0618577452313,74.2883153679507
2.5619173843691,1956.58718841296,411.160200151565,84.2889186459112,26.3858597471124,264.963876475242,672.364980143195,70.1028944970212,3004.69657199198,194.853056966549,0,6.1913302964011,31.8041411567934
3.10029062657335,1946.74103316552,641.84627411516,76.3700181951406,21.6688690406197,340.233627427675,223.97931096972,74.7282722824439,2564.87204893348,177.609046701093,90,6.999142368955,59.7398334631505
4.02912621359223,1910.0,800.0,129.0,21.25,300.0,470.0,73.3333333333333,2455.55555555555,220.0,0,9.0,70.0
2.82959398611842,1944.09693228162,1114.86963416948,124.874276015098,22.1329717266983,349.371088857791,873.530725473015,71.5682039478112,1687.63128066623,179.211987045508,0,12.045283804877,62.2056352193182
3.03439948276313,1968.40138797479,455.87101881671,61.4212965247638,23.4907229119055,316.414572148037,637.376892656562,75.0903717369656,2848.49007846398,311.052397919637,0,7.85616654701846,64.3019638481212
2.89701326923119,1868.22247494321,501.498474802913,131.670731539065,23.9213801519055,269.278061224299,372.306032264068,77.1419408750359,2493.80193168653,274.774610045035,0,7.64989686186023,33.8460741979919
2.95867160803223,1844.28083526934,967.327724283825,67.1676209583019,16.0489783345136,286.308107638126,385.443289763722,71.1303712915359,1957.34213062032,253.519427546674,0,5.15447105404966,77.3555895329181
1.82715164016159,1987.59508949485,428.024581141203,85.7683708633694,22.7306825098942,321.460610438062,697.774203598182,75.6918754742791,1928.08347893563,212.111935329054,0,7.48231155851883,36.0058084993015
2.63643425604636,1875.20582346907,447.409971605839,94.1492029417101,16.7154373277267,277.660967433828,822.689284743636,71.5821564430912,2262.41571657797,291.05053588833,90,8.22345355544331,56.8317273102141
2.50997731500163,1912.21514528328,1056.09638485476,87.198839950434,21.8831520712975,252.331069081723,781.355358215759,71.5554596012328,2029.147825107,206.428711894834,0,0.145034143027886,54.1387555740106
1.84692315458134,1956.0872973781,622.7227580118,115.70972016857,21.0433175526934,236.883671599211,393.39543680609,64.6964003954224,2436.27365928317,188.274123032686,0,6.54799294442016,74.2188766056854
3.90470607884516,2066.20819127035,175.463334249231,145.406499673167,19.9528498566736,340.516221787873,669.453555931848,73.8742785408071,1756.75380158926,159.649742138776,90,9.22792457634125,46.4191651369766
2.22451975728989,2049.93379299107,639.456649028339,109.438532623527,20.1753001041065,320.157689456415,215.472646075791,69.4671198289574,2085.90071025547,224.547176440099,0,9.09610093718406,55.1583397361216
2.91395315656351,1911.26042114564,888.510654340666,118.977100380529,20.1497169897076,202.751692144811,609.039391663303,76.144564843234,2233.65870898861,179.925117650259,90,3.49306880581506,65.7163080608694
3.65599520597055,2057.63150992779,324.704859121655,93.800024213202,21.7109258878476,306.242097757029,23.1713946467446,73.9336674568281,1145.06575740451,233.719536249389,90,11.9461374628919,61.4858472216703
4.34336531529254,1943.55628903832,1005.67578165463,80.4616113687033,22.1141211604612,211.406287276948,649.452640336212,71.3359821810098,3524.43610734634,201.913331760253,90,6.08696540491524,80.0316194978143
2.1472993038912,2005.39202184038,403.345183640535,128.091809419683,22.2264546545629,264.720549992741,139.830772614855,66.0527466249112,2476.57689289676,260.040398598417,0,3.25429617483967,35.5142840616995
4.41247908577992,2089.50467832622,881.682474828303,104.68634626387,23.452082763333,323.324867994803,268.217818421553,72.1972680303294,1904.38711713426,269.041393611977,90,9.12788189373267,54.4959935738553
1.1207516514443,1828.41175654566,231.287376230424,86.8493500992716,25.2829106425487,346.952894580252,444.037560201387,79.8938229240376,2371.42256294235,215.919086049088,90,6.12518488947029,61.4612037682562
3.45906095005188,1893.73681433801,361.712628837785,71.6168696222524,26.6269950484312,193.88015889134,428.216931783991,76.7784891850411,2612.920167864,116.845710386041,0,3.40256327991225,63.4358940291816
3.44402232815363,2050.08917074833,444.732633631498,145.981978174104,19.5997686942711,254.215400802226,350.660830044664,72.9208268379209,2360.39278379176,117.730098625682,90,10.5656139731237,53.7507896943436
2.53888968041588,1908.39378953118,877.243968376909,152.503454226216,21.992953808132,295.529582083855,508.461214633131,68.465096258039,1849.1355108413,227.779357654868,90,5.03044855725871,66.5866692524633
2.84954160852428,1894.9613500061,604.477843523194,85.0260925660787,20.5529996686706,259.486327449978,322.525590399671,70.1863632365318,2780.43658932239,147.772556756415,90,3.44395623276087,74.8278727108484
2.4481422796619,1966.73389874019,431.352926034288,146.831715461307,23.0843970029188,298.971092218377,218.383484302481,79.6966061743982,2590.49351434338,200.006492027169,0,8.26304631374794,47.5605674480718
2.14209677050205,1927.76788629806,671.632244924742,91.4306086112507,22.8307969744599,343.958148103623,225.523884469104,65.7938449666054,3342.8020587579,305.705805247167,0,11.8321915257137,71.8187845577488
4.53440999938478,1965.86679984377,429.352588585221,128.402011407858,23.9468675026538,269.226886106212,1013.40523688839,69.9240699193683,1768.48762173449,206.352177325116,0,5.51061907005638,67.6153114857268
2.3618656064875,1855.69622751549,82.2788178399824,134.242528605285,22.5571549624394,340.150827146793,144.313211429305,70.2739461202125,2555.63733551875,174.72953834677,90,4.24421127790849,66.6684996247995
2.95109153137434,2010.21156057646,214.859589614233,90.5786479054026,23.0434556111522,240.486797848432,1009.02593560876,77.0903225951834,2192.68259233118,147.787830597457,90,8.0321851193802,55.6316529013791
2.55006271085172,1938.2880778351,943.907993187049,100.61043758747,17.6240252504259,312.425315513549,857.491741570342,77.6536227151586,1946.7099306914,239.884043281247,0,8.35636866138746,64.5225945367207
2.5587283240231,1997.13394940528,686.596522509758,44.3022218476065,21.5571540291028,283.102709875889,904.238821302637,74.2057953631763,2921.97971413125,175.016320091388,90,4.39525384845554,47.0428643865865
1.72130992319506,1918.53362112835,1295.27479501137,111.200954001737,24.2780979880905,267.762168223498,23.5039299462217,71.9084815492096,2591.47550189306,266.852204072875,0,2.70957704379724,32.7658549200085
4.66268293486436,2052.92073139229,625.359321136907,92.9222006921453,20.1837788532667,332.38843562375,661.410486504746,73.5978971384642,2050.32967368917,230.240927377879,90,8.05656452161826,56.3994033625073
3.25822748482178,1916.86783682727,1283.59308318134,50.2081306756713,19.5331725243812,290.565623239504,233.717030315893,72.289284100802,2856.16676067774,267.180825598831,90,8.31619189143819,64.1948866362518
2.6839288213838,1996.67205635904,1071.2099206432,100.701483164466,23.1491680413374,288.758252898824,358.35104456637,69.8422416539736,2446.56868100687,154.439542081752,0,7.86039703828512,72.1292287063465
3.29877577464727,2012.8224614849,1040.57094062461,108.923804587766,25.9653072443726,301.909976754188,1003.5549581187,71.9555569276747,1872.73933482534,359.052219789673,90,6.22433439667987,47.3851493085778
2.50326301251224,1949.50905451292,670.879921784337,113.553444112284,24.2830808408796,266.906499202649,926.915589490534,74.1937962841095,1938.36088090803,252.151398168964,0,3.44905714911798,27.2729280063294
1.85714285714285,2030.0,738.736842105263,50.0,23.75,284.615384615384,210.0,70.0,3000.0,220.0,0,4.0,60.0
0.998971239544595,2003.84184567347,501.504306785496,157.818752183644,20.3506009126706,261.670289588905,928.179874298763,74.7693506823659,3375.20276437868,182.599403687273,90,7.21964686350322,60.9800063392887
3.81061433669618,1962.94562936499,464.50450335939,106.87854521377,23.58190708595,268.45514604844,396.246146909423,71.7052990837635,2691.56192635457,219.589373483296,90,8.44811043793982,58.7766447959752
3.01197801903589,1989.3733776569,1209.76841619473,120.442158955335,22.6566224325694,228.057719191029,546.080894155251,75.1879415435845,2461.60901586096,213.855449452562,90,11.0518485251979,63.7098164318286
4.05977026859563,2038.63782953033,1206.79421406115,131.982144261427,22.8557796987444,278.20587288085,172.665275804026,76.2692888197709,1573.84076215272,223.926755962856,90,3.19061303371429,40.0800850448304
2.52620785257568,1990.62526162108,469.692137770416,107.581745858228,25.1264946874864,325.158879481838,451.86436518306,71.7098961371883,2004.93278613354,195.97859018411,0,4.51649933309847,45.9672825207508
3.80019788355332,1913.27287062087,840.319633066917,104.017443626687,23.6473535206776,279.795870003654,288.020024220053,68.9490651809167,2177.06495606678,261.154086025295,0,13.2462193161681,77.464111085587
2.91614962097909,1879.9698456543,1003.27017753553,109.239530469489,25.6827594776929,294.048536607078,408.354239337243,71.7008556184055,3086.54619576288,192.191162092306,90,9.0,60.0
4.2320944949187,1870.97033040481,498.194240617022,133.702940057581,20.8650080074382,319.371724495777,675.28429348415,75.0047858814417,3116.57422574111,255.178646615197,90,9.91746753489678,53.1970717502875
4.07334390733216,2000.1929954847,751.441919998817,131.529481251356,22.2084649546892,283.432980362469,73.4307949997496,77.2386280848362,2705.81971814058,223.967367591948,0,7.38351634139022,69.4370477176364
2.97115456049685,2098.47503910908,1046.53448794981,76.2385822058342,22.5718618815678,230.635311460103,548.214615370405,71.8448216425626,2355.32323370466,281.413768981705,0,9.3376547427325,48.0154646967015
1.16574349779601,2035.60400650349,757.35727464735,103.806542341683,18.637128333089,307.629517436337,663.813298348567,68.784661378994,2563.17973873441,133.378710767948,0,7.4650669344695,41.2464520255753
2.0413521645778,1967.03752657551,457.127194947934,131.215489040203,21.8451439021792,341.412674813216,812.629311794083,76.0015279368089,2573.63255590374,239.241272224609,0,10.3302155269039,64.5699889936966
2.89020336273897,1980.30155350259,587.823272388203,130.165094258747,25.2375295937469,246.067420747218,212.518314203823,76.4521192387676,2421.75495874827,137.077689814885,0,11.5650450757625,69.5168324889084
3.13492164202903,1952.47788218867,875.447874533588,41.4291389932645,22.4580228335706,288.312123569454,155.638228824892,72.6862475259883,3693.67653148801,90.5461467134,90,5.83864271236641,73.3453287626365
3.87490893074847,1968.25817429426,1120.96056789407,140.515421919812,21.0394222357905,236.546673380799,980.920587960304,72.8433442338939,2624.10984062843,179.67358118508,90,4.83055453283014,57.2050127270062
3.50206343521347,2074.52717191623,431.023644146417,110.420223241366,23.8823254411183,248.807779326801,699.725068945436,73.0874066769869,3141.61604041427,210.635530746644,0,2.23727074113836,50.399850242317
4.07803528921035,1967.30064529739,746.166730082646,59.2489286023784,18.0916900644559,268.982241512165,507.06844484606,66.7338459417645,1935.82510236417,177.067052965627,90,7.68706803330319,61.4119123810913
3.70564563160032,1951.45731865848,887.95530404391,59.8746489508629,25.4453063013506,203.985294960277,373.006911814764,79.1091236216688,3054.88359779314,220.185711280366,0,5.60238458408834,74.4025799013031
2.91967783631954,1980.0,568.0,129.0,21.25,300.0,470.0,73.3333333333333,2455.55555555555,220.0,0,9.0,60.0
3.26647267015795,2031.43589753946,1100.05166184701,72.98208745749,18.7015438451252,222.346499966602,44.3797832788067,71.3864464122226,2582.96778022371,191.693261756147,0,7.65318112649221,41.0029629598629
2.22591378958012,2025.87174283251,603.150032339025,148.761127511382,18.7110751313659,204.729834488855,454.855549762638,72.7076776146948,1982.87824219069,185.939331752648,90,5.91335139334947,68.5773174563224
3.57832345115591,1988.59667573868,948.981344846323,135.707494021381,22.0121055700294,221.204295083826,609.350655174568,71.8017817436022,3817.26948410351,344.718380893892,0,6.65089092526617,62.726164484967
1.70409738054558,1981.38533642561,948.476050308853,101.388796031332,17.5979900615823,254.051210871064,798.628523039836,73.8339844459517,2099.72990443094,134.477174090713,0,10.0469989608679,46.8425085477824
2.77237977813482,2033.82018991047,1249.34402255253,103.987718939202,24.6727463523621,323.305402321155,240.801078153945,78.7616276027646,2438.21968289253,170.77068976885,0,2.70982836860104,71.0266534611824
2.97045543021667,2020.42915972966,381.445902047487,181.82844779488,20.7282143796362,291.49939457676,223.650351948413,70.4378778594313,2839.52979897023,198.238029060902,90,6.75593498890675,58.5602707118874
2.80656327135148,1872.8646600924,996.018682712522,146.199193796392,21.5592898563749,313.900486353859,799.634089512225,72.8155520892285,2443.48288830116,307.265171795185,90,5.24044776575098,52.0445070547203
4.45597307104582,1923.50661835873,809.888311163831,96.7660479156033,26.5214720618955,286.701064731226,690.360913341074,69.0457984104502,2793.4333434553,180.068188823332,90,8.79086312740002,70.6452002079192
3.19763695709293,1950.30539944844,707.946305846347,129.407174048936,23.9826743853649,279.011540088238,281.48422211436,71.3387021898366,1865.78151258634,278.392511213206,90,7.40803645835927,54.0439495505874
2.64770647038693,1907.92888317322,441.695145436512,99.0623517286427,22.2839041039887,350.430936768056,317.094148274214,75.2803318008732,2167.24151216005,143.135613269548,0,5.72282921996602,63.1837161991807
3.00679010527144,2056.76387421198,398.393550766674,127.15136724286,19.7737277871534,270.64469999628,416.375464694841,75.1699855031005,2080.60579508513,187.760891360615,90,7.01803719276267,49.8762335769124
2.70148499891413,1898.26294318254,927.37504797167,78.7357650629797,25.573778243005,362.651758898029,218.819076602112,74.2366595880573,1991.47874209297,313.192730281828,0,5.26714259581159,37.9508516553562
2.42612999661366,1921.98787143954,1225.79971676778,116.38586094659,28.8489016191684,318.723953871392,682.406069133512,78.9606926507743,2483.72706319526,259.77734699536,90,10.0671231646161,56.0378864744362
2.81989841368696,1969.8240151561,834.660745329416,112.21824574468,22.3445565175226,199.654080304602,633.755930967896,74.4975042346328,2513.21282406422,214.135747898084,0,8.28055928283828,46.080346756461
1.62078588721953,1901.3570223183,842.301190415936,151.259793356471,22.878356720347,314.622061700753,519.66852299992,74.6158103996517,2199.09435165728,300.534497394644,90,7.46824321838607,64.8549359762115
1.7269061723003,1942.94999783266,762.685951646576,118.050764208862,19.3716139571349,318.662923823901,288.130197219497,72.5016106904068,2323.0330821608,211.868724271219,90,7.08301280950471,68.4036598501724
3.40063640880971,1902.32375414755,809.682111932814,138.490883813559,21.8871694226512,282.363184299489,79.8798985763663,74.779540966104,3015.84698578773,253.718184507497,90,5.79034079631612,56.1584374351479
3.20092356596097,1996.81839527953,762.681497814277,141.580522820233,22.5055061964098,298.788332166605,92.9264448900428,72.1947820769633,2395.1247331407,219.367539224817,90,3.48863013335939,48.773365175268
3.47658345029811,1948.51588493288,692.933016632001,116.396207594663,26.9668702393625,290.173733434872,249.984259974851,72.1935755459447,2066.56745810969,127.182238443521,90,8.50788984149413,66.4874212816436
1.80284338757673,2033.96882036943,110.542241254745,86.1914434857256,22.6837478853842,323.021018098,408.601382166842,74.5885562170015,2980.61155512504,286.203551986291,90,8.07703306297325,65.6222319016985
2.83650965550795,2019.41852592769,943.71469770387,124.302188063021,18.8413091448425,233.469291174411,463.601092786308,69.2830029006196,2890.61577595621,188.505716687111,0,5.47748090338238,64.2141653509152
3.09026039533989,1837.25210512035,836.118000424031,156.056043848762,21.9264807084284,373.593271173594,734.144740231403,69.2484760451825,2301.86657761894,245.003990165874,90,9.7101650373805,63.467185715897
3.16408514760103,1949.18359250239,400.354122691334,108.803909689277,20.8411638679008,278.737546884489,771.326152077014,75.5120308729027,1590.78655624817,176.399662965361,90,6.20954920633365,59.4743256087928
2.51951416464706,1965.75243927466,402.129093474472,131.040015593297,24.2326177822952,260.796172041768,354.132852555617,76.5226802876237,2551.93861452323,205.460188844721,90,7.51872113603307,72.813177462115
2.87456281314618,1981.6605911321,66.627289797319,146.971836872681,28.9074700337636,259.141150634916,1063.83644103974,66.2652899557179,2680.40656706258,218.448971178019,0,5.96544473573666,53.5969216757399
3.88800495255894,2150.33759510835,856.628235682507,154.920031173853,23.2762075792694,236.284742712553,401.759337250479,70.4253357065998,2181.80898823042,227.620627191857,90,5.98456502763988,64.1813308038655
2.6694036654147,2011.4380277087,668.367984769406,93.0038648628524,21.9766227575868,237.295252164984,227.63802500891,74.414663433555,2600.08783335305,176.592269976963,0,5.22655243241618,57.2554962912113
4.46735038107235,2045.91998424776,707.064066216619,40.3048056934109,22.2303471856234,239.576875689797,646.074221656415,73.8029667670687,2718.50504829443,268.64454753915,0,7.31043751586699,63.8613060666936
2.97719297679912,2007.42798512163,399.270354966478,110.099044041131,20.1815012474246,236.6566535597,46.6523252229238,67.2656478969931,2590.63574712418,100.379499139766,0,10.7820630556789,43.9069635194241
2.37903617749979,1833.45899880422,575.577359311201,94.0540353469471,22.1415600595983,257.164236535853,250.772854565141,66.824427106579,2672.53703595588,284.618668284313,90,4.84029252812198,72.5318433070112
2.54955897338691,1958.65369424847,257.603303705298,138.764399278448,21.1321545288646,275.171344974038,613.532377401455,70.3212539399961,1510.8606915579,257.768388098119,90,9.00606576050163,65.7327091730258
4.66031907508901,1987.70031634618,629.189775884129,139.342427323892,19.1519845101522,304.039183640006,829.254993247031,71.7449633898134,2576.32592249432,197.398990646017,90,10.2856116292471,61.6629030936496
2.86874476212113,1977.68827695531,149.382383514539,95.9312457614944,26.896739192838,251.076784439589,188.700370196559,75.6588948864293,2504.3639389918,158.651713153703,0,7.11009898226865,60.1955627779308
1.59817351598173,1920.0,456.0,111.86,22.2678571428571,284.615384615384,470.0,73.3333333333333,2455.55555555555,220.0,90,4.0,57.0
4.10708596722969,1989.46147315584,678.579156843371,98.431047480284,20.8884544592251,294.194381145193,444.498713805345,71.9497777190074,1944.71251479834,263.523445033307,0,7.4010515402186,66.9185834766845
2.8337189156078,2000.28297360336,1197.21311749679,80.143146422795,26.1101383504124,308.697008635353,188.345197520361,69.4894568035837,2988.1916643881,336.646188005019,0,9.54456928389294,77.5074235899329
2.31454059051,2005.15155469975,905.473600729167,81.7933700224456,25.179894255425,265.652005395095,219.876244721824,74.9255548667498,2053.6467971079,239.280575835739,0,0.390190695763201,51.5701393566389
2.82057107273728,1977.90750344289,1281.23338388858,64.0193970993514,23.645487478657,329.299043521436,314.037548777853,73.8326448437557,3548.05473088242,277.118039071662,0,10.2996564468984,78.4434948657669
2.99159927339183,1907.72682101315,858.367790067893,101.829732355894,20.9964390175047,321.055842047453,149.105430116676,73.3857823456643,2023.52612397309,188.576807624335,90,9.23084815069303,54.6602674034624
3.47604419005337,1866.53090813114,955.866901256447,95.8463168608117,19.4463301785066,341.182039379224,411.957491586621,72.2982689230049,2741.67333190214,331.198818455027,0,6.65341329223109,39.2345580491259
3.40015996504035,2028.45312939318,1210.22631190381,120.817855146376,24.8849988368813,288.396662497172,730.654568852884,76.982122468164,1750.37752190891,128.685781807293,0,9.32799679668364,82.9561574809238
1.42418931259579,1977.62165679058,123.729979064898,135.71422441298,18.5158944860288,318.436305158823,171.677775516503,72.9660913453281,2220.73356603451,131.882737681409,90,7.01000948751548,66.16522928216
2.2410904393733,1920.33778864546,1199.07136685342,78.2043361437255,22.8165560120513,296.431553049687,599.496721176893,69.8478311666407,3225.84783478573,205.078857537343,0,3.70943241724354,49.6032293930518
5.25889457769596,2094.19491964894,393.069837638756,61.4412775527974,20.3274111591205,227.981321005609,371.518039637127,70.3492510572471,2717.00426205426,195.359203998501,0,8.13133918843424,44.3975470025729
2.3346238040805,1984.31451257472,316.979375497682,56.6365671681498,26.3721759765259,274.873467149105,312.585303788893,71.7026683829476,2122.1016550701,195.297698781274,0,2.89697319666308,65.0996179284066
4.50408922367005,1897.39265546748,700.143163716199,179.645961730628,19.7573565962587,309.02673417142,336.888963907729,67.9840010028023,2105.60197347188,290.313930009628,90,7.88954770562452,57.6032620661492
2.1879451699917,1975.42054844513,31.5345914107416,98.2148990772135,24.6543355399184,312.742047073401,518.122918026358,74.7822725676594,2004.83560621509,342.978471704818,0,9.67462864244005,60.1630694249623
3.99526695571495,2002.14888435143,460.017683691768,134.659525767305,25.9448056482837,311.241769212821,720.227397702169,72.6146079273804,2134.80677100837,221.477547804641,90,4.60371591090685,66.3770475185924
3.40176085325364,1925.46368752069,577.621201358999,132.388360097445,23.373700903325,282.14532866972,601.842006750524,72.6223758775023,2014.63578793665,176.308067680269,0,8.96487681667237,66.7197419980419
1.87808573083453,1981.22400085542,865.052740067043,101.565618195796,18.4244351823738,277.145772824206,900.558465493475,75.663135224134,2062.3040114039,210.333705529285,90,3.06774808451591,56.4240920862104
1.71289488524973,1843.96828506484,934.531371262024,90.8273070046192,21.7138491832774,286.890668742791,209.364500691012,71.810145918378,2605.4640644546,238.321652778705,90,1.76332383656565,72.8250022841435
3.95283414387118,1931.68789384737,348.354645228981,108.403571029378,22.9516902903046,208.041941374425,97.5453577326958,71.807954850299,3725.19076007351,134.392554538255,0,4.40224759267304,48.9590839234744
2.53366602894708,1949.06286540657,1013.70647515748,138.336588970736,24.1315067246363,275.093836815273,160.513245375767,73.72639352594,3259.5813756358,228.410493604337,0,10.402628600686,70.1698458200975
2.52710220131329,2021.85639528586,881.137149919579,132.65352487722,22.4472819943523,255.190945494869,194.049749141959,72.2711830029007,3214.53480934595,220.557907868402,0,5.59261340518086,84.8408875377012
2.12793531640203,1990.49554205312,667.836803252685,80.4745423450814,24.9982010354435,330.675199443088,402.772337194017,68.9764659913378,2511.37362444015,295.458298918815,0,9.61957675246601,65.1521543630558
1.48335166129973,1924.20520862322,1228.22401601804,96.5633685789939,19.8032006029233,276.318476443494,677.951093508448,76.1759516551207,2362.41879410083,220.624186339419,0,5.04180934819962,63.7948374173645
1.5449471675267,1967.17562017231,533.0664225957,80.3697636269497,21.3217774573081,346.755678225668,82.1842748570172,72.1374099011444,2083.80229982923,267.297948963422,0,8.3197778543044,56.790525342049
1.6601859658962,1959.59675793968,149.662405265887,118.18466631321,19.3311065981728,253.305033770883,987.201560144475,78.868134957946,2355.72536764392,171.810458303451,0,1.73474402022773,67.4873140368675
2.83037355880626,1959.30525380588,1121.55860496106,72.3489561273905,18.3828322508363,284.449392737343,619.211320380007,71.6914604614623,2213.35181086105,209.17343676583,90,7.20836632614701,68.740522721813
2.87735849056603,2000.0,205.0,111.86,22.2678571428571,284.615384615384,1010.0,78.0,2000.0,300.0,90,4.0,47.0
2.75615321756256,2009.09647350194,776.003501795608,106.988610225557,24.9131325683842,345.214590963653,248.251403134419,78.1345305099062,2096.05652486913,284.072918477672,90,8.10134276583542,65.497143745848
2.00123378085961,2008.31072030206,53.5822776311981,111.25927526507,22.7850763746836,309.579804260058,887.094294913776,72.4865459842513,2835.5711428293,141.59841601308,0,7.42170414975365,58.2385036038102
2.33456601349081,2020.97647476027,1013.51359624966,109.505135228391,24.330904761094,266.258621859423,719.870002458961,68.1665339050387,3773.15194881526,264.835584427864,0,7.36359935585531,69.1723368317854
2.1920992640938,1935.16241251827,1016.97604994846,95.5687482859796,26.2926635542369,302.224870209302,337.500700312568,71.7610628017926,1071.12375147656,210.66119457607,0,12.2785795371827,53.7149425980341
2.64974825670426,1852.62244650869,810.250225491915,119.34425612285,21.1893710892474,280.116041712035,1182.32611222878,72.5588121191927,2479.1497453511,333.307539792031,90,7.85683007255083,60.1998355340752
4.20092952022065,2005.52525169008,1065.57987687634,138.137197825132,18.295398470892,378.482590444524,618.409544945509,70.6438995984594,1703.06254611899,225.535645293176,0,6.28629261592903,50.7092331417058
3.99163282928962,1881.61648732953,663.33292062825,123.506166871104,28.3249680236444,220.225603940206,363.128013250105,71.8146155999979,2323.71217704963,314.698865683065,0,9.5934645122199,35.8816026588052
